feature	metadata	value	coef	stderr	N	N.not.0	pval	qval
b407c0316dbd17ba50708ee7a6bb48e6	supplement	MNP	-0.00739151819785499	0.0018864662748467	59	10	0.00024509821701466	0.0509804291390492
b407c0316dbd17ba50708ee7a6bb48e6	supplement	FeSO4	-0.00677584173978181	0.00211403268511858	59	10	0.00223035344490086	0.231956758269689
X99bccd58aaeb00f98e22add40be6e36b	supplement	MNP	0.00761319606023096	0.00893822967241355	59	17	0.397977076752094	0.841965913305904
X6420671c26eef32065e0275c8cd6701e	supplement	MNP	0.0128517955721692	0.0118599685762666	59	33	0.283173333483914	0.841965913305904
f864ed2c52dd0ee16ed932d4c4c166de	supplement	FeSO4	0.0134353341192163	0.0142914907421263	59	13	0.351207260444243	0.841965913305904
f864ed2c52dd0ee16ed932d4c4c166de	supplement	MNP	-0.0107009209584394	0.0127530740144601	59	13	0.404988977522872	0.841965913305904
b4f28264f150902936030ef29ce2a10a	supplement	FeSO4	0.00315912182111814	0.00353854923489395	59	7	0.375799166067293	0.841965913305904
b4f28264f150902936030ef29ce2a10a	supplement	MNP	0.00254142423208897	0.00315763982293283	59	7	0.424310636714133	0.841965913305904
X9b6acfb0708fe91f75081d6801659932	supplement	FeSO4	0.00768245823577964	0.0075118006635403	59	10	0.310838773584776	0.841965913305904
X9b6acfb0708fe91f75081d6801659932	supplement	MNP	0.00926956457366755	0.00670318804193181	59	10	0.172197590116153	0.841965913305904
X5cb0182033909c6dea7fc6cb598436a5	supplement	MNP	0.00180130769921408	0.00220583675789053	59	8	0.417611904793952	0.841965913305904
e93b313352019b8113e7fc66bf757917	supplement	MNP	0.00214466886093759	0.00122605210633745	59	6	0.0857270731329742	0.841965913305904
X9ee9d7f1e7a96963f1ee2668f858fced	supplement	FeSO4	-0.00276782984115154	0.0025528851504831	59	6	0.28292338387405	0.841965913305904
X9ee9d7f1e7a96963f1ee2668f858fced	supplement	MNP	-0.00510232919530585	0.00227807818386364	59	6	0.0290950777709672	0.841965913305904
X1569f7ae988e26c905ab8fab427c8a0d	supplement	MNP	0.00550155920747714	0.00442764206632792	59	12	0.219212330785399	0.841965913305904
X08a0cf376add32f3f4b57ec1e82a7a27	supplement	FeSO4	0.0257319081313115	0.0296049998291416	59	25	0.388461851978802	0.841965913305904
be22632d5e3f6175707a3213d7a90ad2	supplement	FeSO4	-0.0260624095175059	0.0206362913958944	59	23	0.211843935523182	0.841965913305904
be22632d5e3f6175707a3213d7a90ad2	supplement	MNP	-0.0160127449455431	0.0184148845144655	59	23	0.388255829791693	0.841965913305904
eafd20ce1f25fbd8c737f0086f81c11b	supplement	FeSO4	0.0266197781365195	0.0235812227260578	59	43	0.263771815600125	0.841965913305904
X44158349d8858abc6c04aada0c131da5	supplement	FeSO4	-0.0608682957135292	0.0299269093273053	59	30	0.0467095594137683	0.841965913305904
X44158349d8858abc6c04aada0c131da5	supplement	MNP	-0.0450858015338525	0.026705407893535	59	30	0.0969225091027771	0.841965913305904
X4b7712254e4dd8d5bc585d4a6c5c2e88	supplement	FeSO4	0.0162466399658897	0.0112215526618198	59	19	0.153246778110292	0.841965913305904
X4b7712254e4dd8d5bc585d4a6c5c2e88	supplement	MNP	0.00919883921298715	0.0100136013964949	59	19	0.362226721808364	0.841965913305904
d114fb4c335125128be28401522dd41a	supplement	FeSO4	-0.00900060075625126	0.00695197618908504	59	16	0.200742813467791	0.841965913305904
d114fb4c335125128be28401522dd41a	supplement	MNP	-0.0070673084816633	0.00620362623367415	59	16	0.259460255906937	0.841965913305904
fd496fd32dc8c08ade2e8b6c9d8ee13d	supplement	FeSO4	0.0679283961905915	0.0541320024745515	59	59	0.214739352071891	0.841965913305904
fd496fd32dc8c08ade2e8b6c9d8ee13d	supplement	MNP	0.0588665325727023	0.048304928195768	59	59	0.228088143143535	0.841965913305904
ee6b0302402ac29fe5a19e51672a3283	supplement	FeSO4	0.00797325126663208	0.0091394501037009	59	21	0.386715767034057	0.841965913305904
ee6b0302402ac29fe5a19e51672a3283	supplement	MNP	0.00652959687123226	0.00815562810955728	59	21	0.426732675458341	0.841965913305904
X302d0c312461ee75b22821e954f88ba9	supplement	FeSO4	0.0632444163815438	0.0731877119666952	59	49	0.391197484083966	0.841965913305904
X302d0c312461ee75b22821e954f88ba9	supplement	MNP	0.0562242859385023	0.0653093735637397	59	49	0.392968866790008	0.841965913305904
X1a65b568a8cbab6afc60587b3a3562c3	supplement	FeSO4	-0.0132656395898666	0.00526076872432952	59	24	0.0145537773697951	0.841965913305904
X1a65b568a8cbab6afc60587b3a3562c3	supplement	MNP	-0.00631559765130776	0.00469446988595604	59	24	0.183942195684065	0.841965913305904
a92e27080262556ed1c060b8411141f6	supplement	MNP	-0.0298392392030746	0.0276466897563761	59	53	0.285078151703237	0.841965913305904
X573a1b003a4f1a5c8da6c21d22650fb2	supplement	FeSO4	-0.0060254007000468	0.00456480292860365	59	29	0.192215617654053	0.841965913305904
X573a1b003a4f1a5c8da6c21d22650fb2	supplement	MNP	-0.0055640573541722	0.00407342177665963	59	29	0.177418085525618	0.841965913305904
X89f8b6cf08a9c941be608629f1287d09	supplement	FeSO4	0.0248770753257287	0.0317594535156861	59	24	0.436753184555068	0.841965913305904
X89f8b6cf08a9c941be608629f1287d09	supplement	MNP	0.0314093169924132	0.0283406866822131	59	24	0.272479742278231	0.841965913305904
X6be00ecd6672ff69a6afcffc4c0ea0e2	supplement	MNP	0.0047131240205131	0.00420895542000221	59	9	0.267585335517313	0.841965913305904
c1624e84b1704a8e5f5f2a41d8737493	supplement	FeSO4	-0.0065801201968494	0.00492423086053817	59	17	0.186864418325483	0.841965913305904
X16294d1e7cbbbf2f60c486bd6b193b90	supplement	FeSO4	0.0377334599754081	0.0375843638314698	59	8	0.319713072269553	0.841965913305904
d71658ca9c27d685841dfca61823eb95	supplement	FeSO4	-0.00606525378347124	0.00621036644549378	59	23	0.332950687362116	0.841965913305904
X959aeca1a65ce24599aaed29828c33f0	supplement	FeSO4	0.00755534729363709	0.00680912207993794	59	24	0.271917106200585	0.841965913305904
X959aeca1a65ce24599aaed29828c33f0	supplement	MNP	0.0066686898218359	0.00607614974713433	59	24	0.277111440488765	0.841965913305904
X17b8cbca2743de33484d559e0bf12cc9	supplement	FeSO4	0.00558930108583128	0.00621399024666663	59	48	0.372253689367419	0.841965913305904
X8feccd7313bcb9c4ded7d044b77ea1af	supplement	FeSO4	0.00339065912045159	0.00426642719247482	59	24	0.430125733267101	0.841965913305904
X6feb7dcd3b2f67420b420039a234198e	supplement	FeSO4	-0.00828280920243673	0.00348359213248914	59	13	0.0208617778864491	0.841965913305904
X6feb7dcd3b2f67420b420039a234198e	supplement	MNP	-0.00593338761204449	0.00310859861322033	59	13	0.0614306378556542	0.841965913305904
X168dc8cb9285963c9ab81ea2875b5d98	supplement	FeSO4	-0.115420446616138	0.113083470674798	59	59	0.311801990944215	0.841965913305904
X168dc8cb9285963c9ab81ea2875b5d98	supplement	MNP	-0.172775613125813	0.100910527624438	59	59	0.092399094361772	0.841965913305904
d611e03044e800bf023cfc92bec2106a	supplement	MNP	0.00371299892510331	0.00288432651565798	59	6	0.203284297676348	0.841965913305904
a730ef0685ea600be854be1842a6b362	supplement	FeSO4	-0.00495846995505552	0.00633611043882651	59	15	0.437174608831912	0.841965913305904
e51fc3bc6d08ae82b3299bff3739b1f6	supplement	FeSO4	-0.00711351057537284	0.0078174171975821	59	6	0.36674543474191	0.841965913305904
X58da6988f3a0fae09c061e9775e35980	supplement	MNP	0.00623118390376559	0.00410464056018271	59	8	0.13461924371755	0.841965913305904
f934328f40dd0490f0ba1e8b34dff01e	supplement	FeSO4	0.00352159597958565	0.00446646947370722	59	7	0.433757597327376	0.841965913305904
f934328f40dd0490f0ba1e8b34dff01e	supplement	MNP	0.00497513798791936	0.00398567348986298	59	7	0.217131421684234	0.841965913305904
e4d7ec116468af7a897667872f28e30d	supplement	FeSO4	-0.026836659541983	0.0117749470025346	59	26	0.0264916750911371	0.841965913305904
e4d7ec116468af7a897667872f28e30d	supplement	MNP	-0.0170426987335511	0.010507425246901	59	26	0.11042770321558	0.841965913305904
X9772f92f79ea8b9d8fcddf2410e06802	supplement	FeSO4	-0.0397823954964939	0.0428056188669742	59	29	0.356684650648193	0.841965913305904
X6726c2626997de6acc25552de5f09d82	supplement	FeSO4	0.00623444009477084	0.00430670455149984	59	26	0.153300884321991	0.841965913305904
X970b8c4828f3cc86fab57e48bb8fad63	supplement	FeSO4	0.00258219085658766	0.00236695973648238	59	6	0.279974791758203	0.841965913305904
X970b8c4828f3cc86fab57e48bb8fad63	supplement	MNP	0.00217856159488864	0.00211216683082816	59	6	0.30677131445361	0.841965913305904
X7c3550e521d8dd035366eac5c64f2e47	supplement	FeSO4	-0.0595937007279627	0.0303480196434507	59	33	0.0545396970091176	0.841965913305904
X7c3550e521d8dd035366eac5c64f2e47	supplement	MNP	-0.0590387707003911	0.0270811875184152	59	33	0.0334720855955097	0.841965913305904
X6ab475426af806ca2528a3b20d77cde8	supplement	FeSO4	0.0138992200060261	0.00771125589395572	59	12	0.0768556790069971	0.841965913305904
X35195a80f6fb69ef8bd6827d1b045aad	supplement	MNP	0.0169212401697933	0.00826377887417469	59	17	0.0452965620611577	0.841965913305904
de7606f9f340dfe3787aad590dc88e9e	supplement	FeSO4	-0.0253034888392621	0.0285382664089444	59	9	0.37905869813279	0.841965913305904
X5f8d35126b0a7321413d21487ec72b73	supplement	FeSO4	-0.0193783303072999	0.0181905089881755	59	39	0.29131236853425	0.841965913305904
X2fb5a4a7d5e419920ec9257327a118ca	supplement	MNP	0.00344331726097433	0.00269973549989102	59	7	0.207423601960749	0.841965913305904
a663a01aeb4dbb88bbe0a9840e8f64dc	supplement	FeSO4	0.0366608719886186	0.0228298607936177	59	52	0.113936277566258	0.841965913305904
a663a01aeb4dbb88bbe0a9840e8f64dc	supplement	MNP	0.0206175335759458	0.0203723257212501	59	52	0.315873553618451	0.841965913305904
X743f7360159fe13c57904b195e80859f	supplement	FeSO4	0.0133447833084833	0.0117526056528386	59	29	0.261013042444941	0.841965913305904
X743f7360159fe13c57904b195e80859f	supplement	MNP	0.0149191300918938	0.0104874888461855	59	29	0.16040913463013	0.841965913305904
c16dcac354d2cf6baf9294c744a1ebe5	supplement	FeSO4	0.0137899453481759	0.0107086183391764	59	9	0.20313181670397	0.841965913305904
c16dcac354d2cf6baf9294c744a1ebe5	supplement	MNP	0.0103929537548534	0.00955588221945019	59	9	0.281431775953241	0.841965913305904
d60b96014cef09d74aaa2fa1fbc9f3ac	supplement	FeSO4	-0.0113203477166928	0.0129907232121955	59	37	0.387246714462164	0.841965913305904
f5d95230ea5c7be589ebfb2654751f6a	supplement	MNP	0.00876110092656728	0.00802573256534465	59	21	0.279671793813219	0.841965913305904
c8b4d41f5529f56772e9988166516372	supplement	FeSO4	-0.00412278365479625	0.00256977511832723	59	12	0.114265500654198	0.841965913305904
c8b4d41f5529f56772e9988166516372	supplement	MNP	-0.00254150307434755	0.0022931500202385	59	12	0.272468767506831	0.841965913305904
X255d3e378354ea91e18121d620d94e79	supplement	MNP	0.0154832991776937	0.0176696725086599	59	18	0.384629897805655	0.841965913305904
X55beed6d1a19ce34788b66488ffe3917	supplement	FeSO4	-0.00408356773042042	0.00307176074182008	59	12	0.189109805743866	0.841965913305904
X55beed6d1a19ce34788b66488ffe3917	supplement	MNP	-0.00228353564702799	0.00274109907790599	59	12	0.408342628405099	0.841965913305904
dde9400c29c51f5923cda7253649204b	supplement	FeSO4	0.00788705883308666	0.00740804583149499	59	21	0.291598452149106	0.841965913305904
dde9400c29c51f5923cda7253649204b	supplement	MNP	0.00910338559001438	0.00661060196562198	59	21	0.173964842491746	0.841965913305904
X286cdd25e778d56bcb2d8fe45c803961	supplement	FeSO4	-0.0157365055369787	0.0117501983593906	59	41	0.185898438647308	0.841965913305904
X0f94d5594dec0e0879f3da115d859f2c	supplement	MNP	0.0151426022220647	0.0132727102432756	59	11	0.258774454045625	0.841965913305904
bbbf807fccaf8b5896d4eb82f2ca7cb6	supplement	FeSO4	0.0353047405643269	0.030228581910329	59	27	0.247785201530651	0.841965913305904
bbbf807fccaf8b5896d4eb82f2ca7cb6	supplement	MNP	0.03238060161517	0.0269746067370184	59	27	0.235033368261418	0.841965913305904
X9f13b19008d5919b2d49905d2ca06b99	supplement	MNP	0.0377303831615025	0.0413604269416867	59	39	0.365556139344014	0.841965913305904
db707b4e4367788f6f0f53525b62c61d	supplement	FeSO4	0.0450684756700147	0.0391962100048424	59	51	0.255106018622155	0.841965913305904
db707b4e4367788f6f0f53525b62c61d	supplement	MNP	0.028959077087629	0.0349769087282567	59	51	0.411214320288147	0.841965913305904
df192232ea85bc2f6a3adcadaa22b4e3	supplement	FeSO4	-0.0457584187411061	0.0336935115535457	59	47	0.179885620658769	0.841965913305904
bc9f5044e47b189552e9b5746eccd751	supplement	MNP	0.00569416249427147	0.00639062137680082	59	6	0.376731538793209	0.841965913305904
X77179c914d854ab269c8f9ae2e709647	supplement	FeSO4	0.0416759343897173	0.0524676982639497	59	53	0.430364826025574	0.841965913305904
X77179c914d854ab269c8f9ae2e709647	supplement	MNP	0.0458081465359691	0.0468197790840789	59	53	0.332087878953894	0.841965913305904
X24ac1cbe3fb5bb0861a7639da9aa87f4	supplement	MNP	0.020991317519219	0.0228996322843573	59	20	0.363248506590164	0.841965913305904
X7c2872d44cd07d6000ee0ee0c689d778	supplement	FeSO4	0.00446711234610645	0.00369848655534768	59	6	0.232192146512535	0.841965913305904
X7c2872d44cd07d6000ee0ee0c689d778	supplement	MNP	0.00339229380552398	0.003300360587493	59	6	0.308437106212914	0.841965913305904
X1d8b84a03912257db768016645b454a9	supplement	MNP	0.0133759290527172	0.01637372928668	59	14	0.417439417580991	0.841965913305904
f61299313ce0559d2a53d6b9a43edecf	supplement	FeSO4	0.0106258345961158	0.0100298826886934	59	22	0.293957865262088	0.841965913305904
f61299313ce0559d2a53d6b9a43edecf	supplement	MNP	0.0214734127522037	0.00895020950531212	59	22	0.0197836340265296	0.841965913305904
abca3120681f80e5a837b07d3c11056e	supplement	FeSO4	-0.0387685875716569	0.0282330658636116	59	20	0.175175241297439	0.841965913305904
X6facdf45c29be6603b1ecd81fe753105	supplement	MNP	0.0200257092379825	0.0136523243797286	59	20	0.14801458795173	0.841965913305904
X78f454d600bcc8b21d364dce8d58cf4e	supplement	FeSO4	-0.0216809555769563	0.0143628575174242	59	16	0.136789123507482	0.841965913305904
fdd1c7df7465312a55da2edab91d6ae3	supplement	FeSO4	0.0235153985869954	0.0193480800899963	59	51	0.229317878783298	0.841965913305904
fdd1c7df7465312a55da2edab91d6ae3	supplement	MNP	0.0153098152979112	0.0172653435444702	59	51	0.379013017537537	0.841965913305904
X5959ef7d798c80eafd917b45eb54f1c0	supplement	FeSO4	0.0117006867608303	0.0106578054157456	59	13	0.276967499161941	0.841965913305904
X5959ef7d798c80eafd917b45eb54f1c0	supplement	MNP	0.0120118806592775	0.00951053908589635	59	13	0.211820113673666	0.841965913305904
e23db0927268e80a7bc629e7793e11d4	supplement	MNP	0.00890972653176972	0.0121322192638292	59	36	0.465777824159447	0.849840240571622
X1569f7ae988e26c905ab8fab427c8a0d	supplement	FeSO4	0.00371103925719026	0.00496175318426184	59	12	0.457632474164277	0.849840240571622
f22e4f0d218aa62ff1ca039104d15a68	supplement	FeSO4	-0.0259326352808438	0.0347393253419037	59	57	0.458492707213565	0.849840240571622
X9772f92f79ea8b9d8fcddf2410e06802	supplement	MNP	-0.0281345525571969	0.0381977804482049	59	29	0.464470906169391	0.849840240571622
X8ca8266de22f80a38cc348f66f911331	supplement	FeSO4	-0.0072856518798138	0.00990315360078257	59	18	0.464989667723109	0.849840240571622
ce6b1ca94056d100a1df87a6ed7a90bc	supplement	MNP	-0.00525095854788282	0.00696434499233389	59	11	0.454021552370788	0.849840240571622
X6420671c26eef32065e0275c8cd6701e	supplement	FeSO4	0.00938890427179364	0.0132906490558621	59	33	0.482850146254336	0.85051912328366
X08a0cf376add32f3f4b57ec1e82a7a27	supplement	MNP	0.0184410681947069	0.0264181505506786	59	25	0.488037313704707	0.85051912328366
a92e27080262556ed1c060b8411141f6	supplement	FeSO4	-0.0217197329511959	0.0309817390109778	59	53	0.486175113983937	0.85051912328366
f180ce7374201d84cccd514044fc1f99	supplement	MNP	0.00651982750459516	0.00896830957899809	59	33	0.470263338285176	0.85051912328366
a730ef0685ea600be854be1842a6b362	supplement	MNP	0.0039227072834607	0.00565405574884945	59	15	0.490684109586727	0.85051912328366
e865f29a716e8d51f83931befa951240	supplement	FeSO4	0.0251652014926164	0.0356139663889813	59	17	0.482738413749499	0.85051912328366
eafd20ce1f25fbd8c737f0086f81c11b	supplement	MNP	0.0142622376861331	0.0210428068144374	59	43	0.500706759046992	0.856305913921841
ce6b1ca94056d100a1df87a6ed7a90bc	supplement	FeSO4	-0.00527044936883676	0.00780446125146454	59	11	0.502256353358003	0.856305913921841
X78f454d600bcc8b21d364dce8d58cf4e	supplement	MNP	-0.00839405037295124	0.0128167584672559	59	16	0.515195544777868	0.864198978337069
babd95935bd068424c6c2dc26382ece0	supplement	MNP	0.00587937623983857	0.00889068403347276	59	16	0.511134086993083	0.864198978337069
d36c7fad0a492ec8635894778c85d7c5	supplement	MNP	0.00326068399595645	0.00504249603941113	59	14	0.520506027855623	0.866122030351757
X799b4308ac6b3570302274b3843bbbba	supplement	MNP	-0.00199157855207111	0.00317080853765195	59	7	0.532492991327401	0.869082066422309
X2fb5a4a7d5e419920ec9257327a118ca	supplement	FeSO4	0.00188943983299825	0.00302540743189715	59	7	0.534819733182959	0.869082066422309
X031b77a75bff7a6723d26e7e2fee4609	supplement	FeSO4	-0.00471367039020781	0.00745296102721571	59	11	0.529662895933466	0.869082066422309
d00a3564e47e0d67440f9a4c47307f59	supplement	MNP	0.00377260371124881	0.00620550499561712	59	8	0.545681935475463	0.879859244797646
e51fc3bc6d08ae82b3299bff3739b1f6	supplement	MNP	-0.00409453209734592	0.00697590628728527	59	6	0.559593985111248	0.882830684414077
X35195a80f6fb69ef8bd6827d1b045aad	supplement	FeSO4	-0.00553041168366003	0.00926064720876992	59	17	0.552784328013757	0.882830684414077
X419af6db3c0709d63ffc1933ab11b24c	supplement	FeSO4	0.00240800872731095	0.00412338734694381	59	8	0.561573493755231	0.882830684414077
b7a1c874d8d176c53435ea5b3fd10286	supplement	MNP	0.00420005216316495	0.00724634244437918	59	8	0.564502312630155	0.882830684414077
fd1f9e9e993e374d3a40f750a85dfa6e	supplement	MNP	-0.000927496679504616	0.00185802271556106	59	6	0.61960468447244	0.887884842252722
b6ecd20f301035741915d6c32bda2410	supplement	MNP	-0.00396407734037261	0.00823459196524492	59	7	0.632112818414168	0.887884842252722
X16294d1e7cbbbf2f60c486bd6b193b90	supplement	MNP	0.0163001151704743	0.0335385707745852	59	8	0.628855765108011	0.887884842252722
X2b1619989536df3d37e221dcc84ba7bc	supplement	FeSO4	-0.00606604569762441	0.0111245055939404	59	12	0.587721679944099	0.887884842252722
X8feccd7313bcb9c4ded7d044b77ea1af	supplement	MNP	0.00203521442617554	0.0038071648888632	59	24	0.595060086474549	0.887884842252722
cc1c1f8febcd19956e4fe51b367672fb	supplement	FeSO4	-0.0398063043877342	0.0729036808704319	59	57	0.587226219687483	0.887884842252722
X6ab475426af806ca2528a3b20d77cde8	supplement	MNP	0.00339695796795957	0.00688117278557799	59	12	0.623477157368118	0.887884842252722
X7c3d7711fd15460714ece118b35c0576	supplement	FeSO4	0.0020802403932242	0.00411693704741926	59	13	0.615339294885746	0.887884842252722
X7c3d7711fd15460714ece118b35c0576	supplement	MNP	0.00189429209547314	0.00367376670677529	59	13	0.608144953130024	0.887884842252722
X255d3e378354ea91e18121d620d94e79	supplement	FeSO4	-0.0111476728601454	0.0198011836822705	59	18	0.575695592884885	0.887884842252722
X0c053c38cdbe319bdd539363e59dcc31	supplement	MNP	0.00182880800925772	0.00353735570396598	59	6	0.607193126253534	0.887884842252722
X693de09a317c267d5af55841893aec6e	supplement	MNP	0.00431690125123517	0.00880695795992794	59	8	0.625929048734422	0.887884842252722
X1d8b84a03912257db768016645b454a9	supplement	FeSO4	0.00953950569354127	0.0183489094667953	59	14	0.605185948830498	0.887884842252722
abca3120681f80e5a837b07d3c11056e	supplement	MNP	-0.0119884995526134	0.0251938993006825	59	20	0.636032891806037	0.887884842252722
X6facdf45c29be6603b1ecd81fe753105	supplement	FeSO4	0.00743010924307261	0.0152992186244797	59	20	0.629108129704781	0.887884842252722
X6e2d800e4a8396f0f698ad0060b1e90b	supplement	FeSO4	0.00729327301983836	0.0136494041352294	59	11	0.595228954010651	0.887884842252722
X533b6c05a74b2c25a94f884d6fe42f9d	supplement	FeSO4	-0.00832018945330914	0.0179892944495049	59	9	0.64550931486842	0.895106249950875
bc9f5044e47b189552e9b5746eccd751	supplement	FeSO4	0.00314304541436716	0.00716152875294433	59	6	0.662437831647268	0.912497145580342
X2b1619989536df3d37e221dcc84ba7bc	supplement	MNP	-0.00379946063467609	0.00992700102275618	59	12	0.703361452216218	0.921248986519626
d611e03044e800bf023cfc92bec2106a	supplement	FeSO4	0.00126930455488252	0.0032322658559855	59	6	0.696033334484596	0.921248986519626
X58da6988f3a0fae09c061e9775e35980	supplement	FeSO4	0.00175514326515045	0.00459978766680832	59	8	0.704223984887598	0.921248986519626
X5f8d35126b0a7321413d21487ec72b73	supplement	MNP	-0.00670059805439095	0.0162323799296245	59	39	0.681335176874967	0.921248986519626
X8e493df449e84acb4e24f5811ff3599b	supplement	MNP	0.00069601554089934	0.00171940675605198	59	10	0.687166798706234	0.921248986519626
X0f94d5594dec0e0879f3da115d859f2c	supplement	FeSO4	0.00593669599145817	0.0148738112355987	59	11	0.691309968556764	0.921248986519626
X693de09a317c267d5af55841893aec6e	supplement	FeSO4	0.00384086119525901	0.00986935055876673	59	8	0.69862589893807	0.921248986519626
X24ac1cbe3fb5bb0861a7639da9aa87f4	supplement	FeSO4	0.0103769842847993	0.0256620390047852	59	20	0.687480235983833	0.921248986519626
fd1f9e9e993e374d3a40f750a85dfa6e	supplement	FeSO4	-0.000767162657622044	0.00208215794936915	59	6	0.713929957093598	0.928108944221677
X6be00ecd6672ff69a6afcffc4c0ea0e2	supplement	FeSO4	0.00153354614440691	0.00471668613785037	59	9	0.746292698000155	0.936088877170806
b7d000a0302fb186f0c0d3ed19e7fc1f	supplement	MNP	-0.00800919422466052	0.0229563800568612	59	42	0.728482169809097	0.936088877170806
d60b96014cef09d74aaa2fa1fbc9f3ac	supplement	MNP	0.00375705577372849	0.011592328443257	59	37	0.747070930819009	0.936088877170806
f5d95230ea5c7be589ebfb2654751f6a	supplement	FeSO4	-0.00303098185919851	0.00899388512341039	59	21	0.737373136730829	0.936088877170806
X12427d591e0e9445da48e730b2db3b9a	supplement	MNP	0.0149899380044014	0.0445636922739844	59	45	0.737848266845469	0.936088877170806
X0c053c38cdbe319bdd539363e59dcc31	supplement	FeSO4	0.00133174616002861	0.00396407064191084	59	6	0.738160934282448	0.936088877170806
a83d067822df1efdda6e0848ca920d14	supplement	MNP	-0.00088005457184853	0.00280706276415163	59	6	0.755054701386968	0.938552551468616
X629f41c0de31ba20f5d2b3f4c69e09c1	supplement	MNP	0.00204172794454038	0.00659606331017939	59	44	0.75806167618619	0.938552551468616
cc1c1f8febcd19956e4fe51b367672fb	supplement	MNP	0.0183251711234294	0.0650559171778095	59	57	0.779224618016606	0.942318142717755
e865f29a716e8d51f83931befa951240	supplement	MNP	0.00942543795026719	0.0317802780341444	59	17	0.767883357609314	0.942318142717755
X3955aedaf9628d8081af01e5708cc9d3	supplement	FeSO4	0.0115673449567302	0.0404610110912913	59	40	0.776018277225202	0.942318142717755
d36c7fad0a492ec8635894778c85d7c5	supplement	FeSO4	0.00160577924699675	0.00565077763861024	59	14	0.777328521394485	0.942318142717755
X5cb0182033909c6dea7fc6cb598436a5	supplement	FeSO4	0.000674346031033061	0.00247192916533614	59	8	0.786009265458422	0.945028481013594
X799b4308ac6b3570302274b3843bbbba	supplement	FeSO4	0.000827465060068875	0.00355330650551597	59	7	0.816709976606231	0.965202699625545
X17b8cbca2743de33484d559e0bf12cc9	supplement	MNP	0.00132724862893199	0.00554508126344575	59	48	0.81170341444574	0.965202699625545
X286cdd25e778d56bcb2d8fe45c803961	supplement	MNP	0.00247899050279348	0.0104853406873915	59	41	0.813966007987165	0.965202699625545
b7d000a0302fb186f0c0d3ed19e7fc1f	supplement	FeSO4	-0.0053596663349899	0.0257256323207541	59	42	0.835719770931894	0.978465286771088
d00a3564e47e0d67440f9a4c47307f59	supplement	FeSO4	-0.00143430775807516	0.00695408158805662	59	8	0.837340485794489	0.978465286771088
X99bccd58aaeb00f98e22add40be6e36b	supplement	FeSO4	-0.00185581171186097	0.010016457715956	59	17	0.853681788515167	0.984487699521873
e23db0927268e80a7bc629e7793e11d4	supplement	FeSO4	0.00161471494560417	0.013595741630125	59	36	0.905885580314682	0.984487699521873
X55b7688dfd42d9b2545d67bb5b0f086c	supplement	FeSO4	0.00044982079076277	0.00706286952662661	59	12	0.949445369419248	0.984487699521873
X55b7688dfd42d9b2545d67bb5b0f086c	supplement	MNP	-0.00100025318651225	0.0063025823864574	59	12	0.874472031114429	0.984487699521873
c1624e84b1704a8e5f5f2a41d8737493	supplement	MNP	-0.000679282287050268	0.00439415885731377	59	17	0.877702288569897	0.984487699521873
d71658ca9c27d685841dfca61823eb95	supplement	MNP	-0.000450666219059893	0.00554184754868465	59	23	0.935476962886887	0.984487699521873
a83d067822df1efdda6e0848ca920d14	supplement	FeSO4	0.000186765990373566	0.00314568169689547	59	6	0.952867038540937	0.984487699521873
f22e4f0d218aa62ff1ca039104d15a68	supplement	MNP	-0.00424723324780042	0.0309997882860325	59	57	0.891515508641799	0.984487699521873
f180ce7374201d84cccd514044fc1f99	supplement	FeSO4	-0.000819745359412997	0.0100501661932995	59	33	0.935283181478598	0.984487699521873
X6726c2626997de6acc25552de5f09d82	supplement	MNP	0.000212559038428085	0.00384310656562887	59	26	0.956089015881819	0.984487699521873
X629f41c0de31ba20f5d2b3f4c69e09c1	supplement	FeSO4	0.000756839618315843	0.00739175336275959	59	44	0.918813101664035	0.984487699521873
X72bf6f8e32de3042bcea08f2a8fffae0	supplement	FeSO4	0.000135679353810626	0.00232297207654106	59	16	0.953631841212728	0.984487699521873
X72bf6f8e32de3042bcea08f2a8fffae0	supplement	MNP	0.000254383278561663	0.00207291425087854	59	16	0.902770001853334	0.984487699521873
de7606f9f340dfe3787aad590dc88e9e	supplement	MNP	-0.00144490692987957	0.0254662463366996	59	9	0.954955769878833	0.984487699521873
X419af6db3c0709d63ffc1933ab11b24c	supplement	MNP	0.000610887735672359	0.00367952265965216	59	8	0.868736311992242	0.984487699521873
X8e493df449e84acb4e24f5811ff3599b	supplement	FeSO4	0.000192599872801595	0.00192682060091584	59	10	0.920735179246938	0.984487699521873
X533b6c05a74b2c25a94f884d6fe42f9d	supplement	MNP	-0.00164169938578987	0.0160528252595936	59	9	0.918908834765342	0.984487699521873
X3578cafb57e4b2ca4748b46cf444ac12	supplement	MNP	0.00769996764949663	0.0425763248687816	59	36	0.857137531401789	0.984487699521873
b7a1c874d8d176c53435ea5b3fd10286	supplement	FeSO4	0.00106032917577764	0.0081204763526581	59	8	0.896579655180008	0.984487699521873
X8ca8266de22f80a38cc348f66f911331	supplement	MNP	-0.00134943104468323	0.0088371222517097	59	18	0.879183512012158	0.984487699521873
X9f13b19008d5919b2d49905d2ca06b99	supplement	FeSO4	0.00282872824302635	0.0463497787323498	59	39	0.951552589221566	0.984487699521873
X031b77a75bff7a6723d26e7e2fee4609	supplement	MNP	0.00110101036216093	0.0066506822361645	59	11	0.869108499425839	0.984487699521873
X3955aedaf9628d8081af01e5708cc9d3	supplement	MNP	0.00496468520235453	0.0361055594869566	59	40	0.891125067026302	0.984487699521873
babd95935bd068424c6c2dc26382ece0	supplement	FeSO4	-0.00126303693882391	0.00996317659659758	59	16	0.899576130090767	0.984487699521873
X3578cafb57e4b2ca4748b46cf444ac12	supplement	FeSO4	-0.00165782026300059	0.0477123517048538	59	36	0.972405722287894	0.99560174053276
X12427d591e0e9445da48e730b2db3b9a	supplement	FeSO4	-0.00117941806486541	0.0499394573297765	59	45	0.981242100044306	0.99560174053276
X6e2d800e4a8396f0f698ad0060b1e90b	supplement	MNP	-0.000289135526853935	0.0121801052340017	59	11	0.981145706976336	0.99560174053276
b6ecd20f301035741915d6c32bda2410	supplement	FeSO4	-6.66249388346863e-05	0.00922793945232719	59	7	0.994265050521102	0.999068263325552
df192232ea85bc2f6a3adcadaa22b4e3	supplement	MNP	-0.000325292086661325	0.0300665517966466	59	47	0.991406252268252	0.999068263325552
e93b313352019b8113e7fc66bf757917	supplement	FeSO4	-6.64020131698817e-19	0.00137395206106532	59	6	1	1
