feature	fd1f9e9e993e374d3a40f750a85dfa6e	X99bccd58aaeb00f98e22add40be6e36b	X6420671c26eef32065e0275c8cd6701e	f864ed2c52dd0ee16ed932d4c4c166de	b4f28264f150902936030ef29ce2a10a	X9b6acfb0708fe91f75081d6801659932	X5cb0182033909c6dea7fc6cb598436a5	e93b313352019b8113e7fc66bf757917	X9ee9d7f1e7a96963f1ee2668f858fced	b407c0316dbd17ba50708ee7a6bb48e6	e23db0927268e80a7bc629e7793e11d4	X55b7688dfd42d9b2545d67bb5b0f086c	X1569f7ae988e26c905ab8fab427c8a0d	X08a0cf376add32f3f4b57ec1e82a7a27	be22632d5e3f6175707a3213d7a90ad2	b6ecd20f301035741915d6c32bda2410	eafd20ce1f25fbd8c737f0086f81c11b	X44158349d8858abc6c04aada0c131da5	X4b7712254e4dd8d5bc585d4a6c5c2e88	d114fb4c335125128be28401522dd41a	fd496fd32dc8c08ade2e8b6c9d8ee13d	ee6b0302402ac29fe5a19e51672a3283	X302d0c312461ee75b22821e954f88ba9	X1a65b568a8cbab6afc60587b3a3562c3	a92e27080262556ed1c060b8411141f6	X799b4308ac6b3570302274b3843bbbba	X573a1b003a4f1a5c8da6c21d22650fb2	X89f8b6cf08a9c941be608629f1287d09	X6be00ecd6672ff69a6afcffc4c0ea0e2	c1624e84b1704a8e5f5f2a41d8737493	X16294d1e7cbbbf2f60c486bd6b193b90	d71658ca9c27d685841dfca61823eb95	X2b1619989536df3d37e221dcc84ba7bc	X959aeca1a65ce24599aaed29828c33f0	a83d067822df1efdda6e0848ca920d14	f22e4f0d218aa62ff1ca039104d15a68	X17b8cbca2743de33484d559e0bf12cc9	X8feccd7313bcb9c4ded7d044b77ea1af	X6feb7dcd3b2f67420b420039a234198e	X168dc8cb9285963c9ab81ea2875b5d98	f180ce7374201d84cccd514044fc1f99	d611e03044e800bf023cfc92bec2106a	a730ef0685ea600be854be1842a6b362	e51fc3bc6d08ae82b3299bff3739b1f6	X58da6988f3a0fae09c061e9775e35980	f934328f40dd0490f0ba1e8b34dff01e	cc1c1f8febcd19956e4fe51b367672fb	e4d7ec116468af7a897667872f28e30d	X9772f92f79ea8b9d8fcddf2410e06802	X6726c2626997de6acc25552de5f09d82	X970b8c4828f3cc86fab57e48bb8fad63	X7c3550e521d8dd035366eac5c64f2e47	b7d000a0302fb186f0c0d3ed19e7fc1f	X6ab475426af806ca2528a3b20d77cde8	X629f41c0de31ba20f5d2b3f4c69e09c1	X72bf6f8e32de3042bcea08f2a8fffae0	X35195a80f6fb69ef8bd6827d1b045aad	de7606f9f340dfe3787aad590dc88e9e	X5f8d35126b0a7321413d21487ec72b73	X419af6db3c0709d63ffc1933ab11b24c	X2fb5a4a7d5e419920ec9257327a118ca	X8e493df449e84acb4e24f5811ff3599b	a663a01aeb4dbb88bbe0a9840e8f64dc	X533b6c05a74b2c25a94f884d6fe42f9d	e865f29a716e8d51f83931befa951240	X743f7360159fe13c57904b195e80859f	c16dcac354d2cf6baf9294c744a1ebe5	d60b96014cef09d74aaa2fa1fbc9f3ac	X7c3d7711fd15460714ece118b35c0576	f5d95230ea5c7be589ebfb2654751f6a	X3578cafb57e4b2ca4748b46cf444ac12	X12427d591e0e9445da48e730b2db3b9a	c8b4d41f5529f56772e9988166516372	X255d3e378354ea91e18121d620d94e79	b7a1c874d8d176c53435ea5b3fd10286	X55beed6d1a19ce34788b66488ffe3917	dde9400c29c51f5923cda7253649204b	X0c053c38cdbe319bdd539363e59dcc31	X286cdd25e778d56bcb2d8fe45c803961	X8ca8266de22f80a38cc348f66f911331	X0f94d5594dec0e0879f3da115d859f2c	d00a3564e47e0d67440f9a4c47307f59	X693de09a317c267d5af55841893aec6e	bbbf807fccaf8b5896d4eb82f2ca7cb6	X9f13b19008d5919b2d49905d2ca06b99	db707b4e4367788f6f0f53525b62c61d	df192232ea85bc2f6a3adcadaa22b4e3	bc9f5044e47b189552e9b5746eccd751	X031b77a75bff7a6723d26e7e2fee4609	ce6b1ca94056d100a1df87a6ed7a90bc	X77179c914d854ab269c8f9ae2e709647	X24ac1cbe3fb5bb0861a7639da9aa87f4	X7c2872d44cd07d6000ee0ee0c689d778	X3955aedaf9628d8081af01e5708cc9d3	X1d8b84a03912257db768016645b454a9	f61299313ce0559d2a53d6b9a43edecf	abca3120681f80e5a837b07d3c11056e	X6facdf45c29be6603b1ecd81fe753105	d36c7fad0a492ec8635894778c85d7c5	X6e2d800e4a8396f0f698ad0060b1e90b	X78f454d600bcc8b21d364dce8d58cf4e	babd95935bd068424c6c2dc26382ece0	fdd1c7df7465312a55da2edab91d6ae3	X5959ef7d798c80eafd917b45eb54f1c0
X11402.MC033.fastq.gz	0	0	0	0	0	0	0	0	0	0	0	0	0	0	0	0	0.085770247245647	0.0108505660169471	0	0	0.180807193466679	0	0	0.0287112804175931	0.178350893677342	0	0.0177194796672012	0	0	0	0	0	0	0	0	0.0447520882943516	0.0493463868791398	0	0	1.0765074531798	0	0	0	0	0	0	0.149726495187615	0.0198112397497258	0	0	0	0.305761982366088	0.165305579164196	0	0.0337415207857914	0	0	0	0	0	0	0	0.0528097732478698	0	0	0	0	0	0	0	0	0	0	0	0	0	0	0	0	0	0	0	0	0	0	0.0629986499509792	0	0	0	0	0	0	0	0	0	0	0	0	0	0	0	0	0	0
X11402.MC039.fastq.gz	0	0	0	0	0	0	0	0	0	0	0	0	0	0	0	0	0.0108815173716265	0	0	0	0.247343639983732	0	0.466063098603049	0	0.0210731115797894	0	0.0108815173716265	0	0	0	0	0	0	0.02720661284101	0	0.0369086717802002	0.051923834406668	0.0243337337532422	0	0.873666367991245	0	0	0	0	0	0	0	0	0.0344164941819162	0.0203584594718786	0	0.072446513860146	0.197907023990304	0	0	0	0.0565710761428498	0	0	0	0	0.0133272141057131	0.0133272141057131	0.152046484203876	0	0.0513495651133496	0.0414466312782545	0	0	0	0.101961843688997	0.0798604686492036	0	0	0	0	0	0	0	0	0	0	0	0	0.0399911174833875	0	0.101375514532772	0	0	0	0.191275866749236	0	0	0.041087576274171	0	0	0	0	0	0	0	0	0.038863804519518	0
X11402.MC055.fastq.gz	0	0	0	0	0	0	0	0	0	0	0	0	0	0	0	0	0.0336410130433422	0	0	0	0.17451445740722	0	0	0.051001628284303	0.0518946476011873	0.0123646649381737	0.0566909304930938	0	0	0	0	0	0	0	0	0.0742543165109766	0.0410194115131796	0.0358429646542653	0	1.34383524775323	0	0	0	0	0	0	0.0146302179808088	0	0.00781998118195206	0.0366868181951884	0	0	0	0	0	0	0	0	0	0	0	0.00957753065577185	0	0	0	0	0	0	0	0	0.00957753065577185	0	0	0	0	0	0	0	0	0	0	0	0	0	0	0.0110592361656591	0	0	0	0	0.0174867224724037	0	0	0	0	0	0	0	0	0	0	0	0	0
X11402.MC056.fastq.gz	0	0	0.0380208648481028	0	0	0	0	0.00904369618040882	0	0	0.021529672765643	0.062259294503669	0	0.0478723729966865	0.0613750205860717	0	0.0156645683666593	0.0156645683666593	0	0	0.294380426614299	0	0.104090608140457	0.028602188236196	0.0208867556299387	0	0.0180881321365134	0.0675254899142135	0	0	0	0.00904369618040882	0	0.0233525272834141	0	0.0879493558836981	0.0424308476406305	0.0138147252044607	0.0104428083004313	0.77589676007796	0	0	0	0	0	0	0.231442019943678	0	0	0.0104428083004313	0	0.120950997562892	0.0147686295731059	0	0.0250431370811522	0	0.0850994331570793	0.00738411345746304	0.0195375932729773	0	0.0116754676721043	0.00904369618040882	0.0644171650653826	0	0	0	0	0.0255818770794168	0	0	0.220326061740695	0.273757487583352	0	0	0	0	0.0127898921462829	0	0.060251523775958	0	0	0	0	0	0.104879090977181	0.07049769302038	0.311798967310576	0	0	0	0.239611859814611	0.0290751158964273	0	0.054539102809418	0	0	0.0304499083555138	0.0361821857485206	0	0	0	0	0.0877934296445138	0
X11402.MC057.fastq.gz	0	0	0.0107817625521811	0.00762378355845407	0.00762378355845407	0	0	0	0	0.00933723504019685	0	0	0	0	0.0508784348566222	0	0.106798618733423	0.0651831533205327	0.0332370993800157	0.11332026648858	0.133318499817879	0.00933723504019685	0.18934389382931	0.0215647787005188	0.0300190835208825	0	0.0120544353820302	0	0	0.0396243257910505	0	0.0473215341431898	0	0	0	0.122643418560557	0.0241106228325478	0	0	0.552730335744465	0.0142631384735873	0	0	0	0	0	0.492597166864567	0.0688792829936887	0	0	0	0.162072123142453	0.0357659930172447	0	0.0323503033535815	0	0	0	0.0235000143595495	0	0	0	0.0800435874779354	0	0	0.0247061562242924	0	0.082733394136089	0	0	0.195536105153243	0.340278468707643	0	0	0	0	0	0	0.0476280566511049	0.0152480102721097	0.0107817625521811	0	0	0	0.18839838369676	0.100297308678678	0.195001745002307	0	0	0	0.325264963005725	0.0120544353820302	0	0	0	0	0.0583432606646845	0	0	0	0	0.0431395940485802	0.0682414858844924	0
X11402.MC059.fastq.gz	0	0	0.0654687475146271	0	0	0	0.0130327411554249	0	0	0	0.042040520237277	0	0	0.0501575652365943	0.114009807594231	0	0.0142767334713952	0	0.0225746481719484	0.0201910361039051	0.0973300117776463	0.0164855385204683	0.0279549653387565	0.0100950035738458	0.0225746481719484	0	0.0100950035738458	0.0297227572649386	0.0349766553338602	0	0	0.0254075038777534	0	0.0154207219252048	0	0.273124853309966	0.0291453962924436	0.0154207219252048	0	0.0670116830123777	0	0	0.065208063042555	0	0	0.0498172274712525	0.400694400616817	0.0201910361039051	0.172264828525083	0.0201910361039051	0	0	0	0	0.0339908139048205	0.0184316011325725	0.0591848647903668	0	0.0657284039897857	0	0.0391070840538849	0.0154207219252048	0.116830677675604	0	0.215408798478201	0.0142767334713952	0	0.0531229036190016	0.0154207219252048	0.0662446812555506	0	0.195151735529725	0.011656772061159	0.0494745563667319	0.0733257074979278	0.0142767334713952	0.102964214488793	0.0130327411554249	0.074019826400445	0.0524783704136316	0.0802112292791619	0	0.107357253721844	0.143492134664962	0.452652148338911	0.12546684381402	0.190089645239011	0	0	0.0466429429136756	0.274364711642571	0.178687231229793	0.0359355045848877	0.229075871250751	0.250076263575072	0.0873403202280671	0	0.0995870950570005	0	0.0240328204085034	0.151438794056984	0.011656772061159	0.0985517046553723	0
X11402.MC061.fastq.gz	0	0	0.0475911854908601	0	0	0	0	0	0	0	0	0	0	0	0	0	0.0323589360102267	0	0	0.0466896629826557	0.606398172092001	0.100383279950635	0.277185253307151	0	0.0521374719811363	0	0.0159572211030128	0	0	0	0	0	0	0.0231863982720031	0	0.272746542407912	0.0191785547554768	0.0191785547554768	0.0140728134881205	0.615369681550859	0	0	0	0	0	0	0.0130288321479665	0	0	0	0	0	0.0952905906385145	0	0	0	0	0	0.0291366525157902	0	0	0	0.0767849471577766	0	0	0.141901095997268	0.0237888549000527	0	0	0	0.18271413535969	0.180404350840173	0	0	0	0	0	0	0	0	0	0	0	0.0438744187254828	0	0.14890644930607	0.112564783181044	0	0.0184260724917508	0	0.154493181316967	0.106444803187411	0	0.0130288321479665	0.00752205786801088	0.0199026207172653	0	0	0	0	0	0.0184260724917508	0	0
X11402.MC063.fastq.gz	0	0	0	0.0110485434615278	0	0.0437444552282406	0	0	0	0	0	0	0	0.0263032919771898	0.0220984359104007	0	0.0201727460319107	0	0	0	0.0827725304859472	0	0.62702832832458	0	0	0	0.00902103678046575	0.0641496305195988	0	0	0	0	0.0168773867823782	0.0142638017545505	0	0.0201727460319107	0.0238693626884945	0	0	0.431821412152679	0.0255177683085724	0	0	0	0.0156253179321889	0	0.0490157313256781	0	0.122001214328143	0	0.0305961826222313	0.012757845608233	0.0654093658783992	0.0156253179321889	0.0142638017545505	0	0.0570842698814946	0	0	0.0201727460319107	0	0	0.0168773867823782	0.0191374174204116	0.282821065756932	0	0.14498290477431	0.039331394254135	0	0	0.233787546754159	0.0934490156937584	0	0.106171103092209	0.0598737436452851	0	0	0	0	0	0.124667402719788	0.0142638017545505	0	0.174046036283837	0.225060255191823	0	0.210298501729924	0	0	0	0.275835505047651	0.123840259544012	0	0.108463514901812	0.0856847177065303	0.0552697282355682	0.0699326906668355	0.0211574980522666	0	0.0156253179321889	0.0366513328196745	0	0.0355228460273525	0
X11402.MC065.fastq.gz	0	0	0.0156773966125998	0	0	0	0	0	0	0.0118507898337029	0.0258304653977547	0	0.0132496633660255	0.189533517957325	0	0	0.0132496633660255	0	0.051336770526721	0	0.0665599712537085	0	0	0.0302175955234609	0.0374833875392007	0	0.0213654405847702	0.0630280595480208	0.0271562728220357	0.0118507898337029	0	0.0213654405847702	0	0.0132496633660255	0	0.195423648339152	0.0335245901949731	0.0132496633660255	0	0.13941071987514	0.0265016534727552	0	0.0313586480859492	0.0205271311840581	0.0187384019604814	0.0132496633660255	0.474721105527745	0.0676098119412484	0	0.0145143639516053	0	0	0.0824095369482222	0	0.0145143639516053	0	0	0	0.0177767049269267	0	0	0.0102630249917978	0.0996668970428428	0	0.447717137646726	0	0.0196531168065868	0.0196531168065868	0.0187384019604814	0	0.597738561113835	0.119824076470437	0	0	0	0	0.0431499054160957	0	0.0213654405847702	0	0	0	0	0.0284203563553985	0.043555332948718	0.0903737838675091	0.045140735866863	0	0	0.0229504333713485	0.179208468492721	0	0	0.28476782849054	0	0.0118507898337029	0	0.0329964176620581	0	0	0	0.0668239684255922	0.0646820072615785	0
X11402.MC066.fastq.gz	0	0.0758571817065871	0.0371139701705165	0	0	0	0	0.0125442606789188	0	0	0	0	0	0	0	0	0.020803257897758	0.0931629943591255	0	0	0.159844458543034	0.0704609309321218	0.329916342970176	0.0331942192563522	0.209063894365001	0.0153637204167148	0.0153637204167148	0	0	0	0	0	0	0	0	0.113661417116834	0.0430116922531298	0.0165948235172745	0	0.895547004729341	0.00887001547196379	0	0	0	0	0	0.155403859953038	0	0	0.0125442606789188	0	0	0	0	0.043917877542536	0	0	0	0.124340242106487	0	0	0	0.117945781004547	0	0	0.0343597321340368	0	0.0391784362031168	0	0	0	0	0	0	0	0	0	0	0.0108635771877838	0	0	0	0	0	0	0.335902634049772	0.0313649715817066	0	0	0	0	0	0	0.0849477098416956	0	0	0	0	0	0	0	0	0.0670164228973316	0
X11402.MC069.fastq.gz	0	0.0245722279335419	0	0	0	0	0	0	0	0	0.0270359015465646	0	0.066023703764037	0.107898017227959	0	0.0232427544442237	0.0203247684795618	0.0406579391192458	0	0	0.047177417504737	0	0	0	0.0210921207710385	0	0	0.191484534781703	0	0.0218325348266248	0.0602197538662356	0.0333532820537594	0	0	0	0.336481075034631	0.0245722279335419	0.0178257179257666	0	0.259927762260948	0.0402648861023974	0.0149138286609512	0.0394670641906896	0.0252107074828256	0	0	0.647149744017816	0.0494819302038383	0	0	0	0.0112736156622917	0.0126043522381527	0	0.0149138286609512	0.0126043522381527	0	0	0.0648059722665951	0	0.00976318585195257	0	0.13185073347031	0	0	0.0501209649124973	0	0.0232427544442237	0.00976318585195257	0.0308783207266899	0.168000363484983	0.413556575915968	0	0	0	0	0	0	0.0494819302038383	0	0	0	0	0	0.106704463261098	0.139438942270981	0.0436754850299797	0	0	0.0855890712755492	0.273792738836138	0	0.0281871745362675	0	0	0.0635650498484101	0	0	0.0210921207710385	0	0	0.0867010328677653	0.214419566000399	0.02761753163271
X11402.MC081.fastq.gz	0	0.0328228065437911	0.020419151236653	0	0.0186398336493765	0	0	0	0	0	0.0530717348784727	0	0	0	0	0	0.0527428081531133	0	0	0	0.422975986543081	0	0	0	0.0348769866511186	0	0	0.291473006226789	0	0	0	0	0	0	0.020419151236653	0.0875352526820348	0.0333481980388707	0	0	0.807761011814624	0	0	0	0	0	0	0.204315762542764	0	0	0	0	0	0	0	0.060720693448897	0	0	0	0.039106948125101	0	0	0	0.319398196274722	0	0	0.0235785511989467	0	0.0228297017925249	0.0144380186004273	0	0	0	0	0	0	0	0.00833560084933737	0	0.0102090435046871	0	0	0	0.0496849383065479	0	0.0844910399418334	0.163429088925186	0	0	0	0.0624177243516859	0.0789395306116319	0	0	0	0	0.0176831964498809	0	0	0	0	0	0	0.125500600893656	0.0131799711315791
X11402.MC082.fastq.gz	0	0	0.00967248875225323	0	0.0344309054878852	0	0	0	0	0	0.01766011018617	0	0	0.0261958108533832	0.0538793631602194	0.0243439210655118	0.233789359710725	0.061466293034748	0.015795518519037	0.0295537824646041	0.162856866309437	0.0720112402141716	0.336598966511384	0.0167537644793296	0.0167537644793296	0	0.0167537644793296	0	0	0	0	0.0249764658896276	0	0.0502801249525973	0	0.139387354810591	0.0201359376856187	0	0	0.584152875231604	0.0185221761138929	0.0249764658896276	0.034881183239799	0	0	0	0.253183039378174	0	0.110221524006383	0	0	0.143410571188448	0.074573313678276	0.0223391656037786	0.00789751294588518	0	0.0532963112646459	0.0496549857707142	0.0185221761138929	0	0	0	0.0378838088756411	0.0236945096233508	0	0.027360916657557	0	0.148290289299291	0.00967248875225323	0	0.276396018201164	0.186629122847034	0	0.1400657011872	0	0	0	0	0.0402800454058165	0.0136791780862073	0	0	0.00967248875225323	0.0776579813947799	0.0930760533019863	0.0339746701349405	0.22783812248471	0	0.0167537644793296	0	0.335396758977494	0.0284784411585614	0	0.0474023351364095	0	0	0.0646883637176694	0.085344617191253	0	0.0236945096233508	0.0586024515187068	0.0249764658896276	0.0925692066899326	0
X11402.MC083.fastq.gz	0.0145472949364281	0	0.0225376854818941	0	0.0256150534415839	0	0.0138007270581392	0	0	0	0.0646103719996118	0.052270850361553	0	0.144210938089498	0.00920032244848179	0	0	0.107696876577562	0	0	0.0331778528870828	0	0.0112681272210001	0	0	0	0	0.286734711455844	0.027984946199511	0.0243438261525609	0	0.0325333317413602	0.0256150534415839	0	0.0325333317413602	0.206675827802067	0	0	0	0.426460297726157	0.0526748645647293	0	0.0567442434092627	0	0	0.0338101074590718	0.674095441263526	0.0398485479165038	0.0112681272210001	0	0	0.0328571704301516	0.0165866437126203	0	0.0276040834801395	0.00650556450228932	0	0	0.0230025100787851	0	0	0	0.0563692913109456	0	0	0	0	0.0112681272210001	0.0462468794384172	0.075095863186174	0.0979559682652511	0.40948932803669	0.0184014237822236	0.069363046418843	0	0	0.0184014237822236	0	0.143689255738102	0.0264286180308899	0	0	0	0	0.0145472949364281	0.0387708131181875	0.0471544336053245	0	0	0.0426724878823353	0.0767743328719755	0	0.0243438261525609	0.0225376854818941	0	0.107300130726114	0	0.0256150534415839	0	0	0	0.0210818512066095	0.162769188768278	0.0460172024244121
X11402.MC084.fastq.gz	0	0	0.0612011404838071	0	0	0.0242741569574187	0	0	0	0	0	0	0	0	0	0	0.0143598681618119	0	0	0.00940055577973392	0.18640335120245	0.0355969228443823	0	0.0223793371867155	0.045747480008554	0	0.0188019424192989	0	0	0	0	0	0	0.0108548801139532	0	0.0647193134568845	0.0195697782291975	0	0	0.337293020584513	0	0	0	0	0	0	0.14958671740181	0.0217110395051052	0.10083281885163	0	0	0	0.157860235791048	0	0.0343322149646645	0	0	0	0.0143598681618119	0	0	0.00940055577973392	0.0561703065094685	0	0.197569277523494	0.0180014009538104	0	0.0899596419520655	0	0	0.284253939164781	0.100242884190149	0	0.0398931736110914	0.00767548396940201	0	0.0265915290889642	0	0.0132945892975071	0	0.112254506778	0	0.0460687454104684	0.129251607157538	0.46155293979657	0.0599828201866742	0.179319857562374	0.0922356287141252	0.0302227146543637	0	0.377781254772621	0.217091821008286	0	0.301258021666083	0.146965944687195	0	0.253420799817671	0.103159282435471	0	0	0.0223793371867155	0	0.0450981032318519	0
X11402.MC085.fastq.gz	0	0	0.14847079744929	0	0	0	0	0	0	0	0	0	0	0.0196686127008322	0.0287940231805198	0	0.0556563802612776	0	0.0105128315183713	0	0.370289416832088	0	0.0196686127008322	0	0.0736550442943519	0	0	0	0	0	0	0	0	0.0420629540064252	0	0.1081895963835	0.0210268251357279	0.0196686127008322	0	0.578608296171721	0	0	0	0	0	0	0.0324077985589131	0	0	0.0105128315183713	0	0	0.124036863801263	0	0.0210268251357279	0	0	0	0	0	0	0	0.0246568194923893	0	0.208037959142806	0.0604272747170107	0.0851839374326104	0.0287940231805198	0	0	0.335525577081384	0.146570462536829	0	0	0	0	0	0	0	0	0.0701856499952645	0	0	0.102373243219581	0.185559081189348	0.221441501178241	0.191709169606241	0	0	0	0.219629379774902	0.305971440204056	0	0.172470788964638	0.0669520261148551	0.0622337689465997	0	0.0832056745516352	0	0.0595035678086466	0	0	0.0400416315440817	0
X11402.MC086.fastq.gz	0	0	0	0.0443662990320262	0	0	0.0124620872579211	0	0	0.0259441422498259	0	0	0.016088763122046	0	0.104202535682317	0.061931619817009	0	0.0176245090557212	0.0215860859326275	0.0190368098016627	0.118499818792411	0	0.0864452626317516	0	0.0143901030330897	0	0	0	0.0124620872579211	0	0.0124620872579211	0	0	0.016088763122046	0	0.20205417375946	0	0	0	0.581874194836013	0.0449466636140812	0	0.0543463211841773	0	0	0	0.0690650213149867	0.0734388786290954	0.0631761585319723	0	0	0.0679278643178163	0.0922693061603715	0	0	0	0.0407111979242814	0.152363364854406	0.0249261104492792	0.0305297071722105	0	0	0.0345119146123787	0.161582901984277	0.109808521318103	0	0	0.0575902546522192	0.0227539288186376	0.0249261104492792	0.132268253650318	0.162233653715069	0.0176245090557212	0.131274690390594	0	0.0143901030330897	0	0	0.0321816926806095	0.0503849379126124	0	0	0	0.122831723908102	0.24284124703777	0.016088763122046	0.284031739973502	0	0	0	0.30045045622697	0.12025094353849	0	0.449148971947817	0	0	0.0215860859326275	0.0387549015290166	0	0	0.0514038069382434	0	0.0566822844143968	0
X11402.MC088.fastq.gz	0.0107684704237001	0.120685583763489	0	0	0	0	0	0.00879236263843336	0	0	0.0678722068008249	0	0	0	0	0	0.143347568905365	0	0.0493664260377141	0	0.124663833596454	0	0.268063122822438	0	0.164403007785151	0	0	0	0	0	0	0.00879236263843336	0	0	0	0.0851197552638248	0.0417173999472926	0	0	1.00740996882788	0.017585405068063	0.0469550194888215	0.0271028505329729	0	0.0164495342027907	0	0.0986567027682056	0.061269257568264	0	0	0	0.261017920282592	0.067009914347482	0	0.033486145865755	0	0	0	0.0373110110933447	0	0	0	0.0552865909455526	0	0	0	0	0.0152292112723115	0	0.033486145865755	0	0	0.0164495342027907	0	0	0	0	0	0.0367889158367647	0.0520391330953661	0	0	0	0	0	0.0675859909623466	0	0	0	0.0186522589461857	0	0	0	0	0	0.0477723062529871	0	0	0	0.0124344387057472	0	0	0.0940139655662949	0.0787215510736826
X11402.MC096.fastq.gz	0	0	0	0	0	0	0	0	0.0377215406594818	0.0190754537134484	0.011502487448944	0	0	0	0.0140877678485867	0.015216612303124	0	0.0584006534023267	0	0	0.154067730619739	0	0.221943463409805	0.023006497112468	0.169764019494162	0	0.0140877678485867	0	0	0	0	0	0	0	0.0325389717515596	0.217355101048208	0.0140877678485867	0	0.0172542068158976	1.01605676325345	0	0	0	0	0	0	0.107182058177288	0	0	0.011502487448944	0	0.162772830288361	0.129860629417068	0	0.038157852891663	0	0	0	0.0871404319907526	0	0	0	0.0797743999439329	0	0	0	0	0	0	0.0275848859493268	0	0.0172542068158976	0	0	0	0	0	0	0.0140877678485867	0	0	0	0	0.0128602428234612	0	0.142170850461689	0.138951943872853	0	0	0	0.0737169793180206	0.023006497112468	0	0.0491573596553832	0	0	0.00813339719700032	0	0	0	0	0	0.0569639546492174	0
X11402.MC098.fastq.gz	0	0	0.0333390216715997	0	0	0	0.00764715386314957	0	0	0	0	0.0411924308310431	0.0209439203753948	0	0.0628685737693577	0	0.243119159566389	0	0	0	0.0942638707869308	0.00936585811821922	0	0	0.0753863814429745	0	0.0108148141175499	0	0	0	0	0.0120913886941487	0	0.0315349422144085	0	0.0554367444317414	0.0382447191311967	0	0	0.918586645373533	0.0202336507475762	0	0	0	0	0	0.304943388911577	0	0.100459394160638	0.0194975386850494	0	0.176549017048136	0.069302710466698	0	0.0370790882725316	0	0	0	0.0319954867209751	0	0	0	0.0763535435857299	0	0	0	0	0.0275754312471205	0	0	0.0956578082879556	0.216695922058104	0	0	0	0	0.0152947549696922	0	0.0275754312471205	0	0	0	0	0	0.0241845456220827	0.042932313769718	0.147328439446203	0	0	0	0.192205231265038	0	0	0	0	0	0	0	0	0	0	0	0.143142743340862	0
X11402.MC099.fastq.gz	0	0	0.0527404367577665	0	0	0	0	0	0	0.00978926995862026	0.0540885163342442	0	0	0	0.115878495098364	0	0	0.0774671972084299	0	0	0.0324725234248038	0	0.11525102034647	0	0.0301766542580584	0	0	0.0575297523940636	0	0.037284471863989	0	0	0.0448744132801848	0	0	0.117946401982973	0	0	0	0.500673008732373	0.0317256752945893	0	0.0285438011185234	0	0	0	0.610184436344976	0	0.299345116028354	0	0	0.0562638566942598	0.209416375952122	0	0.0119894539270455	0.0119894539270455	0.0353024833108588	0	0.138885035335502	0	0	0	0.0709884744242615	0	0	0	0	0.0811082311107704	0	0.0138443394724214	0.0339169866907747	0.337313438477894	0.0207673385758589	0	0	0	0	0	0.129862499181085	0	0	0	0	0	0.016956054619329	0.0249600322718203	0.132449278588761	0	0	0.0403725159595918	0.23088942018778	0	0	0	0	0	0	0	0	0	0	0	0.111846112700626	0
X11402.MC100.fastq.gz	0.0126613558835893	0	0.0155071378636328	0	0	0	0	0	0	0	0.0310180063193478	0	0	0.0514519951363032	0	0	0.021931283798949	0.0912065607461194	0.0478125080861498	0	0.162105986859704	0	0.110052237805636	0	0.0806616623531146	0	0.0179063396883732	0	0.0155071378636328	0.0189926682173698	0	0	0	0	0	0.133183252951422	0.0209974653223593	0	0	0.799245964184464	0.0109649825961945	0.0109649825961945	0	0.0189926682173698	0	0	0.485605072797201	0.0346805762401531	0	0.0275975511418885	0	0	0.0109649825961945	0.040048357640291	0.0141559207842617	0	0	0	0.0655301821221345	0.0385165043493673	0	0	0.0649139917540733	0	0	0	0	0	0.0261043210728048	0.0335041717895504	0.0927402420748048	0.0424791182825529	0	0	0	0.0141559207842617	0	0	0.0498671412536047	0	0	0	0	0.0352540834225555	0	0.162984297431338	0.121906827143146	0	0	0	0.202162166762521	0	0	0.195854975672818	0	0.0369212800970966	0.0245204122261885	0.0228269564263268	0.0200201638929756	0	0	0	0.193213758643128	0
X11402.MC101.fastq.gz	0.0259735048547215	0.0219509128154362	0.0696388865953302	0	0	0	0	0	0.0230224965113908	0.0264333547723371	0	0	0	0	0.0340100331216444	0	0	0.0664427874555336	0	0	0.116406702180048	0.0162786442831812	0	0.0224930826244992	0.185951477727349	0.0250284944813153	0.0235400151325177	0	0	0	0	0	0	0	0	0.154651229619452	0.0373867647254809	0	0.0318127059818502	0.979680319747083	0	0	0	0	0	0	0.151857056136527	0	0.0219509128154362	0	0	0.185420452168761	0	0	0.0465780186119948	0.0147244695268643	0	0	0.0802832553634844	0	0	0	0.0762662385634658	0	0.101831512884258	0.0129856572360282	0	0.0213950173647293	0	0.0481067314696272	0.216979334912253	0	0.0240464065181052	0	0	0	0.0281979303783092	0.0176968942055753	0.0677035349789738	0.0852534909791934	0	0	0	0.012022334206048	0	0.108746039624308	0.150806450413126	0	0	0.0814797534226964	0.0861010860392461	0	0	0.0898173049818534	0	0	0.0138823072605092	0	0.0294521326778451	0.0609441388971185	0.0916855651272519	0	0.0849690988389866	0
X11402.MC104.fastq.gz	0	0	0.0157807957285193	0	0	0	0	0	0	0	0	0	0	0.213413104382895	0.077843977123974	0.0168704803013647	0.0273354096764803	0.167463111017751	0	0	0.102969308440895	0.0223183418378317	0.119421099648907	0	0.0215063647732951	0	0	0	0	0.0238595940583045	0	0.037255862950081	0	0.0119289480742524	0	0.150748369908279	0.0119289480742524	0.0119289480742524	0	0.511404429440396	0.0119289480742524	0	0	0	0	0	0.122977955751338	0.0759866632865977	0.435737672865554	0	0	0.0146100912394836	0.0253072213506613	0	0	0	0	0.188879151979526	0	0	0	0	0	0.0188619940955535	0.0812129381489498	0.039573234666663	0	0.0484734475239951	0.0119289480742524	0	0.165613464262757	0.258069956210638	0	0.108725606229686	0.0465997903307663	0.0273354096764803	0	0	0.0215063647732951	0.0168704803013647	0.058471598585248	0.0484734475239951	0.0575497023033077	0.0543644307991649	0.0634442788488093	0	0.116683723934458	0.0119289480742524	0.0861252615210788	0.0133370484798187	0.132004379897782	0.0575497023033077	0	0.122685412259636	0.0562971340372224	0	0.415829310411248	0.0450449550196741	0.0215063647732951	0.0404631122513064	0.162856658298021	0.0526999494881288	0.0587756985458917	0
X11402.MC107.fastq.gz	0	0	0	0.00660708010885885	0	0.0260148454025189	0	0	0	0	0.0208947901997418	0	0	0	0	0	0	0	0	0	0.0991577128740625	0.0309946895765561	0.517579397942932	0	0.0534975927626107	0	0	0.0114439649683191	0	0.0104468249278375	0	0	0	0	0	0.0428315562766609	0.0247237689496196	0	0.0161845637639074	0.910115925980643	0.0161845637639074	0.00934389028192586	0	0	0.00934389028192586	0	0.0251614833273785	0	0	0	0.0198223942169585	0	0.115071761201927	0.0719847871180736	0.0233615106957675	0.013214448661975	0	0	0.0412726183544278	0	0	0	0.040199833379375	0	0	0	0	0.0516254987611857	0	0.0284217456619687	0.0373837242149387	0	0	0	0	0	0.0161845637639074	0	0.00809201691597114	0	0	0	0	0.067104402251871	0.0934566577719761	0.0598649708166586	0.132278062596289	0	0	0	0.211814785695892	0	0	0	0	0.0186885964875626	0	0	0	0	0	0	0.0765566855581507	0.020365648187295
X11402.MC108.fastq.gz	0	0	0.0319714810646296	0	0	0	0	0	0	0.00922793030651995	0	0.0168483766230287	0	0.285315786926431	0	0	0.0605477150211246	0.0551378060415529	0.0341203685861588	0	0.239345111496198	0	0	0.0255534002701989	0.0429662871571743	0	0.0206354510803995	0	0.0140961631422505	0	0	0	0	0.041279695740716	0	0.0543585777271708	0.0361419002834273	0.0255534002701989	0	0.571830148549132	0.0701320668555525	0	0	0	0	0	0.283946637223823	0	0	0.0176708100926005	0.0119133195241491	0	0	0	0.0502823467964576	0.00922793030651995	0	0	0.0765411995509724	0.0301424306340666	0	0.010655546504623	0.191022177488743	0	0	0.111988133265073	0	0.0927178617616644	0	0.0439472573339695	0	0.104317496930898	0	0	0	0	0.0130504494207387	0.0159836978726018	0.0369195840304543	0	0	0	0	0	0.216045238835175	0.256468957652661	0.101258426720077	0	0	0	0.446674596593679	0	0	0.133910948169659	0	0.0617114289761258	0.0540963506871821	0.160068247402994	0.0232248735795044	0	0.0380563768040301	0	0.110314513135684	0.128996196651618
X11402.MC110.fastq.gz	0	0	0.0471687816802096	0	0	0	0	0	0	0	0.0442289163265936	0	0	0	0	0	0.0840814825870553	0	0	0	0.183539937276745	0	0.0584415673340846	0.0309612865987438	0	0	0.0223247887982004	0.0766568102943479	0	0	0	0	0	0	0	0.209089308303201	0.0255300253704089	0	0.0163812881932485	0.726422193295769	0.102287281865964	0	0.0239809765072822	0	0.0610147692380685	0	0.158632836552	0.0269903886388902	0.0952560535561256	0	0	0	0.211996422380056	0.0138445384881262	0.0401347768074889	0	0	0	0.0255300253704089	0	0	0	0.0673051895656051	0	0	0	0	0.0678740460698517	0	0.028375762282591	0.220052253002526	0.0634842531964843	0	0.118561581878148	0	0.0151660289612614	0	0	0.0185748722654857	0.0446607139014041	0	0.0269903886388902	0	0.117413881346461	0.336366128924054	0.0376689210457397	0.256962358115542	0	0	0	0.252878128944891	0.0371561572151713	0	0.150700036404598	0	0.0185748722654857	0.0495504183014975	0.0223247887982004	0	0	0.0138445384881262	0	0.0764053969348608	0
X11402.MC111.fastq.gz	0	0.0237381809085929	0.109852472878709	0	0	0	0	0	0	0	0.0335740117679281	0	0	0	0	0	0.102072058934146	0	0	0	0.0179436557275177	0.0186764325470576	0.313412219367925	0	0.191119613956469	0.00897146676870408	0	0	0	0	0	0.0401318525239799	0	0	0	0.136281335780547	0.0137043869867918	0	0.0146506714613707	0.673779607976877	0	0	0	0	0	0	0.40670786697477	0	0	0	0	0	0	0	0.0193815366937224	0.0103594038319162	0	0	0.265802127428922	0	0	0	0.186756644384391	0	0	0.0621954015800123	0	0	0.0362652135034496	0	0	0	0	0	0	0	0	0.0355170789038059	0.0665824707019957	0	0	0	0	0.240111777995857	0.0179436557275177	0.0913233175558696	0	0	0	0	0.125715949166535	0	0	0.186535945847036	0	0	0.0457610399503634	0	0	0	0	0	0.195530686961293	0.088320346297017
X11402.MC113.fastq.gz	0	0.0367893089300633	0	0	0	0	0	0	0	0	0.0279898073536942	0.0840574101899802	0	0	0.108603267893183	0	0	0.462855012480877	0	0	0.0594025243784839	0	0.299616817906513	0.020670615640005	0.122293414291723	0	0	0	0	0	0	0.0347983757135251	0	0.0103347558037698	0	0.0466180490396417	0.020670615640005	0	0	0.708355437918744	0	0	0	0.105418478417583	0	0	0.366550931887176	0.147169967617761	0.160794489954252	0.0103347558037698	0	0.114868389484057	0.0495831795220516	0	0.0168770863241981	0.00843824270659544	0	0	0	0	0	0.00843824270659544	0.0422032398487146	0	0	0	0	0	0	0	0.113294429484555	0.0347983757135251	0	0	0	0	0	0	0	0	0	0	0	0	0.0146158120194345	0.0454564411254739	0.10473584602472	0	0	0	0.098200109050685	0	0	0	0	0.0157869749870707	0	0	0	0	0	0	0.0704041243339326	0
X11402.MC133.fastq.gz	0	0.0192838723532801	0.0160448456544675	0	0	0	0	0.00926323097674964	0	0.00926323097674964	0	0	0	0	0	0	0.0192838723532801	0	0	0	0.136138490687999	0	0.0106963087883122	0.0393101220377441	0.0693743158780943	0.0207143992777281	0.00756336036476719	0	0	0	0	0	0	0	0	0.253495088921973	0	0.00756336036476719	0.0141500888800624	1.02413842288914	0	0	0	0	0	0	0.332452986447606	0	0	0.0160448456544675	0	0	0.0106963087883122	0	0.0524240074346475	0	0	0	0.0731988668082531	0	0	0	0.109164800146885	0	0	0.0200119155087039	0	0	0	0	0	0	0	0	0	0	0.0141500888800624	0	0.0466401476025078	0	0	0	0	0	0	0.224714845743486	0	0	0	0	0	0	0	0	0	0.0334047888928309	0	0	0	0	0	0	0.0119588937921208	0
X11402.MC148.fastq.gz	0	0	0	0	0	0	0	0	0	0	0.0326096600827648	0	0.0133108717155542	0.19873185338069	0.0133108717155542	0	0.0421038680184918	0.150370533212422	0.0761492955055561	0	0.173911563593015	0	0	0	0.139845172137571	0	0	0	0	0.0217376325048265	0	0.0376566178725579	0	0.0243038905896605	0	0.413664725977062	0	0	0	0.52016527828155	0.0277115174498742	0	0.0368633949665288	0	0	0	0.336776889326771	0.077308352514365	0.173738219992778	0	0	0.0543665796953	0	0	0.0343742770847687	0	0.0217376325048265	0	0.0287578839425218	0	0	0	0.129179843767678	0	0	0	0	0.0521445340503568	0	0	0	0.480447325627158	0	0	0	0	0	0	0.0504140112942054	0	0	0	0	0	0	0.106964625454458	0.0532671008990215	0	0	0.0316905810488604	0.179373726456767	0.0615172608283196	0	0	0.0203334931054037	0.07575903364639	0	0	0.0230564680473208	0	0	0.107242442340111	0.110252943476848	0
X11402.MC151.fastq.gz	0	0	0.113479122369407	0.0133084353599091	0	0	0.0168342853218001	0	0	0	0	0	0.0206181916073856	0.0119033561760804	0	0	0.0103085479768993	0	0	0.0168342853218001	0.276705430777923	0.0889928282102352	0.0168342853218001	0.033673343732414	0.0429303331874417	0	0.0245412812704366	0	0	0.0157469390264274	0	0	0.0178555613938877	0	0	0.138357532452016	0.0341956442546564	0.00841684448553452	0.00841684448553452	0.582704253353077	0.0103085479768993	0	0.0214602209502579	0	0.0487347234344877	0	0.222191403696488	0.0133084353599091	0.0119033561760804	0	0	0.0188215254412287	0.052923124298276	0	0.0314977844550721	0.0119033561760804	0.0699718194251074	0.259938369143094	0.023808399355699	0	0	0.0168342853218001	0.107831342881751	0.0133084353599091	0.188853641374332	0.033673343732414	0	0.0699718194251074	0	0.0568045939050922	0.108326787773108	0.0621759288059179	0.0119033561760804	0.0613132380082781	0	0.0103085479768993	0.0314977844550721	0	0.0279188122659732	0	0.0929088968575912	0	0	0.132803376709884	0.288997079491257	0.328467775505685	0.169140221582109	0	0.0214602209502579	0	0.275422312817888	0.131583453329406	0	0.187504408871531	0	0.0555407973745285	0	0	0.0157469390264274	0	0	0	0.0266192285669246	0
X11402.MC154.fastq.gz	0	0.0555138770384309	0.0348020766835664	0	0	0	0	0	0	0	0.0203753059479256	0	0	0.0212074131140331	0	0	0	0	0	0	0.12254989888093	0.0269553953953105	0.437670740487674	0	0.101361550358261	0	0	0	0	0	0	0	0.0394641231579743	0	0	0.0337927157671118	0.0212074131140331	0	0	0.89905562915204	0	0	0	0	0	0	0.0647410258453411	0	0	0.0101871242807913	0	0	0.0605901682729858	0	0.0235279195084907	0.0131516725540977	0	0	0.069646394687411	0.0444184820835504	0	0	0.0904757393880232	0	0	0.0249554150167654	0	0.0176452272911229	0	0	0	0.0730516730539374	0	0	0	0	0	0	0.0166359838998176	0	0	0	0	0.20716075392754	0	0.167023654222589	0	0	0	0	0.22949230139147	0	0	0.0117631457144833	0.133739733188048	0	0	0	0	0.0282101235171091	0.0117631457144833	0	0.0522991956953453	0
X11402.MC156.fastq.gz	0	0	0	0.0383168040024861	0	0	0	0.0171324410372054	0	0	0	0	0	0	0	0	0.085763111717508	0.0477104625337872	0.0257002334759458	0	0.798276540846774	0	0.156478898402648	0.0270907561829157	0.11740510533547	0	0	0.0209833826308302	0	0	0.0331812948420268	0	0	0.0373461436742233	0	0.119901996322962	0.0353250505292663	0.0171324410372054	0.0121141689001048	0.665800329698501	0.014836947693324	0	0	0	0	0	0.125045574231935	0	0.019154885686909	0.0383168040024861	0	0	0	0	0	0	0	0	0	0	0	0	0.0453414952074995	0	0	0.0453414952074995	0	0	0	0	0	0.109242002799913	0	0	0	0	0	0	0	0	0	0	0	0	0	0	0.0320557839857039	0	0	0	0.019154885686909	0	0	0.0296771627772221	0	0	0	0	0	0	0	0	0	0
X11402.MC158.fastq.gz	0	0.042006137704014	0	0.00848412761279925	0	0	0	0	0	0.00848412761279925	0.126172943409349	0	0	0.00848412761279925	0	0	0.0268320649063701	0	0	0	0.0747579590293504	0	0.317976640196252	0	0.210488841147802	0	0	0.0179983083014939	0	0	0	0	0.0158728254696421	0	0.0169688659936172	0.131123034738933	0.0334078570870087	0	0	0.979349659214755	0.0119985122850003	0	0	0	0	0.0119985122850003	0.229826241634567	0	0	0	0	0	0	0.0119985122850003	0.0398041183608505	0.0146952926989226	0	0	0	0	0	0	0.113434131299224	0	0	0.0247374961638836	0	0	0	0.0702756383588723	0	0.0119985122850003	0	0	0	0	0	0	0.0523229183374252	0	0	0	0	0	0	0.18207418727589	0.12944671401534	0	0	0	0	0	0	0.0146952926989226	0	0	0	0	0	0	0	0	0.0354986815644032	0
X11402.MC160.fastq.gz	0	0.0356122303994744	0.0610179494259114	0	0	0	0	0	0	0	0.0945660967836853	0	0	0	0	0	0.0205578331340178	0.0411243609438071	0	0	0.294666070719945	0	0.08180121222729	0	0.119974502831078	0	0	0	0	0	0	0	0	0	0	0.12296079778744	0.0251789876722979	0.019502735544539	0	1.00748191865969	0	0	0	0	0	0	0.136311729333329	0	0	0.0171995537193579	0.0130013657692458	0	0.225101046789315	0	0.00919322439601599	0	0.0892487977401445	0	0	0	0	0	0.0972262689366206	0	0	0	0	0.0159235803717229	0	0	0	0.0780853245948248	0	0.0666596570161329	0	0	0	0	0.0205578331340178	0	0	0	0	0	0	0.187122547078599	0.0897235407284839	0	0	0	0.0820602493002549	0	0	0	0	0	0.0234400315508301	0	0	0	0	0.0205578331340178	0	0
X11402.MC167.fastq.gz	0	0	0.0317338754264008	0	0	0	0	0	0	0	0.0250862519387858	0.0462684179842907	0.0217247616872053	0.0438206835694681	0	0	0	0.0472787744793516	0.0452355661820818	0.01121797153191	0.0961564670382935	0.0583221252647078	0.427962962794481	0	0.0687484668115155	0	0	0.143712649115826	0	0	0	0.0327108733543832	0	0	0	0.169259931197109	0.01121797153191	0	0	0.615424094686179	0.0448860158638178	0	0	0	0	0.0430958723073449	0.54076863464662	0	0	0	0	0	0.0194309118309692	0	0.0307258703211239	0	0	0	0.0476108094699067	0	0	0	0.0813699841811555	0	0	0.0137392971936792	0.0599221775382052	0.0455824433028822	0.0244509255929865	0	0.0755314002762023	0.156683816271357	0	0.100661041240997	0	0	0.0202244403203534	0	0.0434597851848865	0.00971499738331696	0	0	0	0.119131375931879	0.0642406060914466	0.114372774541494	0.0794047902134932	0	0	0	0.18346667743606	0	0.0404571589294982	0.0462684179842907	0	0	0	0.0400660490116977	0	0	0.0194309118309692	0	0.0860886181772809	0.0666509556869226
X11402.MC169.fastq.gz	0	0	0.0140975638175979	0.101691053392435	0	0	0	0	0	0	0.0206375016920618	0	0	0	0	0	0.0491433716432016	0.0479722139656947	0	0.015985286134256	0.127891749794738	0.0232271815978811	0.352302929788885	0.0244193148147343	0.111871428502279	0	0.0266441613166628	0.0226075714340612	0	0	0	0.015985286134256	0.108494579991378	0.0206375016920618	0	0.144362356350158	0.0341237600728485	0.0119145032772693	0	0.905502839621777	0	0	0	0	0	0	0.224848160672413	0	0	0.0150710009765769	0	0.12934244522676	0.00753528653819708	0.0238306983027727	0.015985286134256	0	0	0	0.0291879072760873	0	0	0	0.0357502789878852	0	0.0349464683175878	0.0150710009765769	0	0.0646460311751595	0	0	0.165673085500342	0.0941026853279728	0	0	0	0	0	0	0.0130517461757197	0	0	0	0	0.0409381284427007	0.0785701276087613	0.0846837608765403	0.170831906055161	0	0	0	0.135947548931429	0	0	0.0546249831317014	0.0442738307388453	0	0	0.0150710009765769	0	0	0	0	0.0337048881591444	0.0249940838654947
X11402.MC170.fastq.gz	0	0	0	0	0	0	0	0	0.00990783175940954	0	0	0	0	0.36352765053236	0	0	0.024271118103297	0.0221560355087111	0.0745414788073738	0.0185366142144026	0.349991510590255	0.0284614569201262	0.0831371417088407	0.0140120193118637	0.064825189217325	0.00858039890327123	0.0178622553295715	0	0	0	0	0.01107733797261	0.0171614296047601	0	0	0.190962153007084	0.035730212977666	0.015666042012647	0	0.621116909684304	0	0	0	0	0	0	0.13986887335509	0	0.102062442380036	0.0301375628644072	0	0.0121346654059769	0.140401175628309	0.0377362376457307	0.00700583771173296	0	0	0	0	0	0	0	0.242726760969957	0	0	0.0929438247189914	0	0	0	0	0	0.307366017059181	0	0	0	0	0	0	0.0121346654059769	0	0	0	0	0	0	0.364965254777531	0.0625061746325758	0	0	0	0.116121233151912	0	0	0.0252623874048721	0	0	0	0	0	0	0	0	0.0668807344217061	0
X11402.MC171.fastq.gz	0	0	0.038643861561111	0	0	0	0.0212690550085374	0	0.0134511229458806	0	0.024251002480767	0.0134511229458806	0	0.00951123683508273	0	0	0.110528995158105	0	0.0336331338513828	0	0.427180271602627	0.00951123683508273	0.0485162819435211	0	0.175236704970383	0.0590490921225421	0.0435991170857427	0	0	0	0.621862031981687	0	0	0.0652510648463278	0	0.183734152044	0.0529803087725669	0.0435991170857427	0	0.632665362067949	0	0	0	0	0	0	0.035594768875842	0	0.0300812547430396	0.0251666444248184	0	0.0870205744335674	0	0	0	0	0	0	0	0	0	0.0190233342273801	0.0906043602862981	0	0.0116489263556716	0.0446257928101147	0	0	0	0	0.0212690550085374	0.12396144513478	0	0	0	0	0	0	0	0	0	0	0	0	0.0308243461567702	0.0480471517825757	0.0134511229458806	0	0	0	0.0277329189650444	0	0	0.0190233342273801	0	0.0342994599435534	0	0	0	0	0	0	0	0
X11402.MC177.fastq.gz	0	0.0440130744385019	0	0	0	0	0	0	0	0	0.168336595374562	0	0	0	0	0	0	0	0	0	0.0680573084202381	0	0.0103708180315946	0	0.312622683884534	0	0.01466681444461	0	0	0	0	0	0	0	0	0.0427722522064118	0.0163981440495697	0	0	0.873397473030106	0	0	0	0	0	0	0.22566140266404	0	0	0.0220012078268348	0	0	0	0	0.0830605305751755	0	0	0	0.117370215786558	0	0	0	0.119886944627512	0	0	0	0	0	0.0319698806062309	0.0833851056790871	0	0	0	0	0	0	0	0	0.0539134995507871	0.0664533453282163	0	0	0	0	0	0.375492263138336	0	0	0	0	0.183324205230185	0	0	0.0344022811562748	0	0	0	0	0.01466681444461	0.0293367851358417	0	0	0.0917194867327122	0.041494434928516
X11402.MC182.fastq.gz	0	0.0146349734678085	0	0.166335872501636	0	0	0	0	0	0	0.0671138514750713	0	0	0	0.0103483042692571	0	0.183519480786995	0.0126741456913771	0.034327571350863	0	0.122085959339508	0	0.155677284815443	0	0.259204669931959	0	0	0	0	0	0	0	0	0.0179244286596064	0	0.295119265957896	0.0603760619203825	0	0	0.91671464993758	0	0	0	0	0	0	0.152321558844041	0	0	0.0179244286596064	0	0.0273819725116189	0.0179244286596064	0	0.0507169651669147	0	0	0	0	0	0	0	0.0683036341648116	0	0	0	0	0	0	0.0126741456913771	0	0	0	0	0	0	0	0	0.0231411641540072	0	0	0	0	0	0	0.270646271313445	0.0163625437999273	0	0	0	0.0126741456913771	0	0	0	0	0	0	0	0	0	0	0	0.0771683206611991	0
X11402.MC186.fastq.gz	0	0.0840864720764689	0.0283517663959506	0.00944946337681771	0	0	0	0	0	0	0	0	0	0.035989717869848	0	0	0.0586651502901169	0	0.168234894915159	0	0.0953436754748167	0	0.42511772318449	0	0.245112564061376	0	0	0	0	0	0.393439916924065	0.0672006222848444	0.149059132737876	0	0	0.152367470320213	0	0	0	0.524436081999293	0.0149412470279127	0	0	0	0	0.0467888311339668	0.418604300568805	0	0.0211309005190101	0	0	0.12923098720251	0.0163674378773395	0	0	0	0	0	0	0	0	0	0.0741714071466534	0.0163674378773395	0.00944946337681771	0	0	0.0267299036942444	0	0	0.0200463831868915	0.06981549121115	0	0	0	0	0.00944946337681771	0	0.0816509969631076	0	0	0	0	0	0.0240934715032761	0.220237417533079	0.0176789850368402	0	0	0	0.025003163128238	0	0	0.0200463831868915	0	0.0658545076040657	0	0	0	0	0	0.107948384839849	0.0694939798091438	0
X11402.MC190.fastq.gz	0	0.0441758361502227	0	0	0	0	0	0	0	0	0.119971094906612	0	0	0	0	0	0.0142042970903306	0	0	0	0.116526803690619	0	0.245591610482226	0	0.263529095116702	0	0	0.0580193958965593	0	0	0	0	0	0	0	0.227587323598974	0	0	0.0531708760167424	0.99578865537722	0.0646163792921896	0	0	0	0	0	0.0393387407593005	0.0164018933647201	0	0	0	0	0	0	0.0328082012799094	0	0	0	0.0812710261410477	0	0	0	0.0888195596085481	0	0	0	0	0	0	0	0	0	0	0	0	0.0246042193017017	0	0	0	0	0	0	0	0	0	0.240263059360116	0	0	0	0	0.0434070149234207	0	0	0	0	0	0	0	0	0	0	0	0.0328082012799094	0
X11402.MC192.fastq.gz	0	0	0	0	0	0.0109041356149009	0	0	0	0	0.0172414647827918	0	0	0.0133549165049886	0	0	0.0172414647827918	0.161978522348101	0.0144250299575105	0.0144250299575105	0.20401704004304	0.0133549165049886	0.406512070320709	0.0180830904231166	0.026712215653745	0	0	0.0121912546363743	0	0.0163566086261047	0	0	0	0.0224808995412994	0	0.0650133880705808	0.0313242467741278	0.0109041356149009	0	0.8681551922949	0.00944321166367102	0	0	0	0.0411730254718566	0	0.117710446933846	0.0196585866737285	0	0	0	0.148350999110078	0.114350107956085	0	0	0	0.0685838257353359	0	0	0.0133549165049886	0	0	0.0499888534303571	0	0	0	0	0.0661497315119587	0	0.0204007806083025	0.114087594674147	0.131908966611294	0	0	0	0	0	0	0.0180830904231166	0	0	0	0	0	0.00944321166367102	0.0425940452216668	0.18554538955716	0	0	0	0.234212240623817	0	0	0.0218095680032594	0	0	0	0	0	0	0	0.0261496606186801	0.0303598909800084	0
X11402.MC195.fastq.gz	0	0	0	0	0	0	0	0	0	0	0	0.00960429139051135	0	0.0537862629092088	0.180135597207956	0	0.00960429139051135	0.167312901814111	0	0	0.0443742009923208	0	0.3595738250227	0	0.0123992139575855	0	0	0	0	0.0407582148567498	0	0.0228644271724586	0	0	0	0.116175918926146	0	0	0	0.239554275253904	0	0	0	0	0	0	0.642487454171823	0.0443742009923208	0	0	0	0	0	0	0.0415065603141137	0	0	0	0.0277283279250519	0	0.011090137274246	0	0.0363687182042608	0	0	0	0	0.0845589710814359	0	0	0.233821645519493	0.412612726908675	0.0166356322082969	0.0388244376545866	0.0288164191717308	0.0135827279718751	0.0254129111407656	0	0.0411340855950186	0.044025936738278	0.0372052716113596	0.0146710981854992	0	0.121912120072669	0.0467396370742431	0	0.129812555197404	0.0241722522666466	0.0282776020231615	0	0.125180545912673	0.078694502960459	0	0.105989329653357	0.00784183089537538	0	0.222446754909775	0.0991986745536416	0.0221816388308279	0	0.108016169890819	0.0199939515694279	0.0699763164815519	0
X11402.MC196.fastq.gz	0	0	0.121087603311461	0	0	0.0505690650004086	0	0	0	0	0	0	0.0338154556113909	0	0.156544360419418	0.0990718311881527	0.038470380402101	0.133374944457857	0	0.0192316314335108	0.137891766026986	0	0.298167427841402	0	0.0129655272847934	0	0	0	0.0183365383321469	0	0.00819998160596436	0.0100429416931574	0	0	0	0.0209072219253665	0.0100429416931574	0	0	0.500045786285829	0.0216965711616305	0	0	0.058879293199543	0.0164005146411067	0	0.0550343092986371	0.0795848655651859	0.304513459201226	0.00819998160596436	0.0142031031208103	0.022458210653798	0.158820584915258	0	0	0	0.037135114119174	0.35850513869276	0	0	0	0	0	0.247841941947525	0	0.0577233881834982	0.101268028743904	0.0597316109065475	0	0	0.17542312581886	0.202913454999146	0	0.113866905477856	0.0129655272847934	0.0142031031208103	0.0295694316339698	0	0	0	0	0.076997843761218	0.045670929057394	0.14009692438741	0.111611320180438	0	0.215812533134755	0.0216965711616305	0.0908812004498945	0	0.196779419133213	0.0393354325816541	0.0200868965030511	0.0910669967890295	0.0758941087461702	0	0.0231948702404891	0.147331066030382	0.0333142713815885	0	0.0608495536778887	0	0	0
X11402.MC199.fastq.gz	0	0	0	0	0	0	0	0	0	0	0	0	0	0	0	0	0	0	0	0	0.105946759735029	0	0.415937569537917	0.0369837439396946	0.088730636258082	0	0.0177633001898274	0	0	0	0	0	0	0.0177633001898274	0	0.0696097206453439	0.0458783245090307	0	0	1.09659209543826	0	0	0	0	0	0	0	0	0	0.0229331261079649	0	0.128162834462654	0	0	0	0	0	0	0	0	0	0	0	0	0	0.0187242718789873	0	0	0	0	0	0	0	0	0	0	0	0	0	0	0	0	0	0	0.00837335750161459	0	0	0	0	0	0	0	0	0	0	0	0	0	0	0	0	0	0	0
X11402.MC201.fastq.gz	0	0.0170314397721537	0	0	0	0	0	0	0	0	0.0350017365295949	0	0	0.0234084811761554	0	0	0	0.132180954464871	0	0.00802839580744202	0.0495100482836897	0.0139058882290335	0.753956239999683	0	0.0495100482836897	0	0	0	0	0	0	0	0	0	0	0.0350017365295949	0.00983278940699455	0	0	0.714324376956188	0	0	0	0	0	0	0.0212425081074716	0	0.222575189575493	0	0	0	0.0204696830234345	0	0.0126942129171249	0	0	0.0204696830234345	0.0113539882108381	0	0	0	0.0305756558507248	0	0	0	0	0	0	0.00802839580744202	0	0.0278144664018751	0	0	0	0	0.00983278940699455	0	0	0	0	0	0	0	0.0212425081074716	0.0630012262977009	0	0	0	0	0.121924785589527	0	0	0.0272286867693658	0	0	0	0	0	0	0	0	0.065020576005554	0
X11402.MC204.fastq.gz	0	0	0	0.207675052845465	0	0	0	0	0	0	0	0.0145873268450367	0	0	0.120399567110911	0.135688491773551	0.102912474570892	0	0.0422891941315001	0	0.176441325440315	0	0.109962374246925	0.0225997118637144	0.148586087729497	0	0.0112991344879237	0	0	0	0	0.0225997118637144	0	0.0145873268450367	0.029898518066138	0.163552523812433	0.0244108251469021	0.0374829686254233	0	0.962148930345104	0	0	0	0	0	0	0.0844013298758313	0	0.0422891941315001	0.0351369188436053	0	0.154012558616152	0.0407500189625102	0	0	0	0	0	0.0172602027675836	0	0	0	0.0357378471496863	0	0	0	0	0	0	0	0.0345255502841446	0.17483358619805	0	0	0	0	0	0	0	0	0	0	0	0.0159797292887454	0.0130472092235419	0.0291777588853098	0.136637770475134	0	0	0	0.14144344225423	0	0	0.144759675078056	0	0.0112991344879237	0	0	0	0	0	0.0326228838308301	0.116593215705388	0
X11402.MC205.fastq.gz	0.0128436850195075	0	0.0162463873105764	0	0.0429952552099014	0.0162463873105764	0	0	0.0207107309939181	0.0114876779435025	0.0236841480622014	0	0	0	0	0	0.00812292564122124	0	0	0	0.0909413715858217	0.0128436850195075	0.150566048243565	0	0.123367633934779	0	0	0.0114876779435025	0	0	0	0	0	0	0	0.0381087028324929	0.0181642129972412	0	0	1.18529168522407	0.0507488772364183	0	0	0	0	0	0.0856841981938102	0.0207107309939181	0	0	0.021492659488444	0.187389499490088	0.0745159653080133	0.0263240380662495	0.0229768722286732	0.00994856622386197	0	0	0.0250388792116478	0	0	0	0.0823304283497497	0	0	0	0	0.0398041183608505	0	0	0	0.0229768722286732	0.0128436850195075	0.0172319907227688	0	0	0	0	0.00994856622386197	0.0222471385031169	0	0	0	0	0	0.0480738627788459	0.0769214716119427	0	0	0.0269436601750057	0.0923890646125219	0	0	0.049094021187198	0	0	0	0	0	0	0	0	0.0281420448782868	0.0784141303825087
X11402.MC206.fastq.gz	0	0	0.0325310468262069	0	0	0.080658099059379	0	0	0	0	0.0240238437517437	0	0.0268601199548491	0	0	0	0	0	0	0.0339781153273148	0.101139007051406	0	0.0563653295236935	0	0	0	0	0.0650965841572634	0	0	0	0	0.0693998881066393	0	0	0	0	0	0	0.054186058062365	0.0438711898542492	0	0	0	0	0	0.062450358613896	0.00980690695543883	0	0	0	0	0.107184121697298	0.0809569335210152	0.0259491331079326	0.0169866057272249	0	0	0	0	0.030231037327972	0	0.0555038478974386	0	0.194011637188809	0.0169866057272249	0	0.0563653295236935	0	0.0353661110707105	0.18544359790112	0.223986209951324	0.0120110552669312	0.0528355428124978	0.0847467800208297	0.0169866057272249	0.054186058062365	0.0470488755867492	0	0.0954774987133166	0.125533647522509	0.0475579086329722	0.0954774987133166	0.305980723374061	0.3347813929174	0.0392370661477843	0.107635272905471	0.0676399238287873	0.0250050098440141	0	0.624225642320575	0.169677149569164	0.031016638608205	0.3219428497797	0.0982253714680372	0	0.108308530577948	0.0835988066378334	0.0584637545046666	0.176480133207549	0.0669230610247243	0	0.0421929434643243	0.0449553138620628
X11402.MC208.fastq.gz	0	0	0	0.0578835382448324	0	0	0	0	0	0	0.0161234406727055	0.0139631579586517	0	0	0.095870269025775	0	0.0707973715888476	0.137715094309561	0	0	0.250963442470339	0.0407191798298836	0.511583061591645	0	0.0220787675852797	0	0	0.012746491942389	0	0	0	0	0	0.0220787675852797	0	0.039088899545946	0.0220787675852797	0.0114007472358812	0	0.740301955505226	0.0171015839853097	0	0.00987328325527272	0	0	0	0.0655377942483628	0.0220787675852797	0.304304133614513	0.0161234406727055	0	0.146070733469658	0.0712563864200558	0	0	0	0.0220787675852797	0.0710272473068186	0	0	0	0	0	0.129342272135898	0.0180267499753379	0.0705667520672689	0.0558798937934126	0.0267397294852838	0	0	0	0.154414059814892	0	0	0	0	0	0	0	0	0	0	0	0.036950250609566	0.029623701126364	0.0525779309113073	0.0180267499753379	0	0.0248493715796847	0	0.132975983570546	0	0	0	0	0	0	0	0.0213300003923279	0	0	0.0197475291394264	0.0342081721328002	0
X11402.MC214.fastq.gz	0	0	0	0	0	0	0	0	0	0	0.0408266346664118	0	0	0	0.00882310963890474	0	0.00683431586900385	0	0	0	0.123392879584921	0	0.197420468838762	0	0.0516204738474965	0	0	0.0176469062263404	0	0.0264720771923469	0	0	0	0	0	0.0441292972843402	0.0124779232176198	0	0.00789160869165775	1.03968822647944	0.0142271321745736	0	0	0	0	0	0.041583179834396	0	0.0249577897595539	0	0	0.21411821410004	0.118981792188132	0	0.025267901899229	0.0096652574344919	0.044481161885632	0	0.0055801810599045	0	0	0	0.0450038143311822	0	0	0	0	0	0	0	0	0	0	0	0	0	0	0	0.0157837089064495	0.0111605358873033	0	0	0	0	0.0289993852588703	0.0197300970038156	0.303692932699147	0	0	0	0.173904951888678	0	0	0	0	0.0270540910727872	0	0	0	0	0	0	0.0838936069238426	0
X11402.MC215.fastq.gz	0	0.0731594810673602	0	0.0240355511030634	0	0	0	0	0.0134353920654786	0	0.0294388356417489	0.0240355511030634	0	0	0	0	0.228799732608257	0	0	0	0.0964700875010692	0	0.150656791298893	0	0.145335028918801	0	0	0.0104068847011084	0	0.0506485652711319	0	0.0169948828794975	0	0	0.0169948828794975	0.104777617997457	0	0	0	0.933222960934369	0.0208148967153148	0	0.0288188277619766	0	0	0	0.429145999157395	0.0592095730543587	0.0711512923051006	0	0	0	0	0	0.0224829286804559	0	0	0	0.0610155308772907	0	0	0	0.0746304155633606	0	0	0	0	0	0	0.0627698011691982	0.0120169076749898	0.0169948828794975	0	0	0	0	0.0120169076749898	0	0.0169948828794975	0	0	0	0	0	0	0.15952710426571	0	0	0	0	0.0345219653751721	0	0	0	0	0	0	0	0	0	0	0	0.0664127543846981	0
X11402.MC216.fastq.gz	0.0205636277458231	0	0.0118718581684325	0	0.0290834115576403	0.0196880589894287	0.0258763948874899	0	0	0	0.0380167553455186	0.0475041818751799	0.0314144132043183	0.0967786572974399	0.215264642129006	0	0	0.174962817080236	0	0.00839457281762488	0.0664129560710335	0	0.441589307078473	0	0.0402693668435713	0	0.0118718581684325	0.108039030878863	0.018771717438515	0.0145401681942217	0	0.0167897372641282	0	0	0	0.178625924675713	0.0229912399216577	0.0102812703839914	0	0.70235893472772	0.115354894677333	0.0319706515639058	0.0132732188946386	0	0	0.0167897372641282	0.135642176036701	0.0737279895289876	0.196972326711152	0	0	0.00839457281762488	0	0.0167897372641282	0.0157052688704094	0	0.0314144132043183	0	0	0.0325173891145769	0.00839457281762488	0	0	0	0.0572739899720601	0.0214034280789511	0	0.0389334109179172	0	0	0.279694552618437	0.0852980055274296	0	0.0767827316177739	0	0	0.0102812703839914	0	0	0.0167897372641282	0.0973266458116951	0.0734877898140283	0	0.120334118685477	0.0178083102085166	0.0167897372641282	0.124262472643298	0	0	0	0.137859728658829	0.0521099231783448	0	0.0514281132276964	0	0	0.0272045608814888	0	0.035622271208314	0	0	0.0222115174898987	0.101605551774606	0
X11402.MC217.fastq.gz	0	0	0.030318452204666	0	0	0.0594276809170297	0.0243510427023124	0	0	0	0.0508049600937743	0	0.019631759084765	0.0964729783297614	0.123509210204207	0	0.041116813179143	0.130239959883373	0.0474820696469757	0	0.179303630109887	0	0.143926179716374	0.0121746188478578	0	0	0	0.42309365256802	0.0729072929604517	0.0261139712901937	0.00769979090950252	0.0335685829284494	0.0144053456426954	0.0772662590701223	0	0.200949098591264	0.0298252889362019	0.0163342880483813	0.00943032601983577	0.363429431691519	0.0452410157261146	0	0.0188614908189993	0.0915569094173486	0	0	0.303595566688719	0.0133366926412093	0.441522915412968	0	0	0.0452410157261146	0.0856721203228551	0	0	0	0.0326729362673471	0	0.00943032601983577	0.0121746188478578	0	0	0	0	0.0900800183092579	0	0.0210881004587884	0.072086653804633	0.0121746188478578	0	0.260562618229785	0.0933306156481555	0.0108892563341724	0.259249714648591	0	0.0282943338485037	0	0	0.0293238429064289	0.0163342880483813	0	0	0	0.0133366926412093	0.019631759084765	0.0474820696469757	0.13297427215576	0	0.0594276809170297	0	0.185371107056766	0.0396470940345153	0	0.0922057962332749	0.0261139712901937	0	0.124113917913825	0.0481032527404576	0	0	0.061395193659905	0	0.0673960098296416	0
X11402.MC218.fastq.gz	0	0	0.0327836109993872	0	0.0143744843825131	0.0880185136499347	0	0	0	0	0.0357985906074759	0	0.0380391741886789	0	0	0	0	0	0	0.0406669896876083	0.0961421895701338	0	0.0585976136101044	0	0	0	0.0111342743404493	0.0803752469644472	0	0.0128568411302042	0	0	0.08489629828503	0	0	0	0	0	0	0.0450129032857831	0.0534224077859348	0	0	0	0	0	0.0877822465543259	0.0231794370353262	0	0	0	0	0.111010202796658	0.0974310511913684	0.0294621743718916	0.0170083536054066	0	0	0.0181828200839365	0	0.030155704681366	0	0.0774838105127589	0	0.213756132472435	0.0128568411302042	0	0.0636793922570193	0	0.0416718388153207	0.202828947626559	0.225986942427958	0.0143744843825131	0.0534224077859348	0.0873078140689144	0.0240546043407861	0.0671633153265075	0.0454702124169972	0.0222699293194297	0.100788479129873	0.141453641357359	0.0553260621301254	0.0967887388890069	0.288806320323806	0.327356158126437	0.0436122924086501	0.118106035168022	0.0788111420721101	0.0203292909574095	0	0.575981874641402	0.16729434689551	0	0.328913789643703	0.10016742116156	0	0.134320995224524	0.0803752469644472	0.0636793922570193	0.180626703766824	0.0701814555656661	0	0.0321467538569992	0.0459229802430914
X11402.MC219.fastq.gz	0	0	0	0	0	0	0	0.011853412038287	0	0	0.014025277646826	0	0	0.00749665068321156	0	0	0	0.0106019643770476	0	0	0.259659044411301	0	0.229071514073691	0.0212051206668349	0.0335320105590291	0	0.0149937227179191	0	0	0	0.0551162920577008	0	0	0	0	0.0248659070210837	0.0313655887129535	0.0159033190053262	0	0.942429094247478	0	0	0	0	0	0	0.0583428047543198	0	0.0649679848328844	0.0149937227179191	0	0.175016229028583	0.0159033190053262	0	0	0	0.0561287383627434	0.270985874696718	0.00918152747816547	0	0	0	0.0237084899306215	0	0	0	0	0	0	0	0.0588235529012406	0.0175819454009697	0	0	0	0	0	0	0	0	0	0	0	0	0.0149937227179191	0	0.237258711483158	0	0	0	0.212297043206838	0	0	0.0343604082340067	0	0.014025277646826	0	0	0	0	0	0	0.0446808983098047	0
